Country Code,Country,Data Source,Beverage Types,2016,2015,2014,2013,2012,2011,2010
AF,Afghanistan,Data source,All types,,0.02,0.03,0.03,0.04,0.04,0.03
AF,Afghanistan,Data source,Beer,,0.01,0.01,0.01,0.01,0.01,0.01
AF,Afghanistan,Data source,Wine,,0,0,0,0,0,0
AF,Afghanistan,Data source,Spirits,,0.02,0.02,0.02,0.03,0.03,0.02
AF,Afghanistan,Data source,Other alcoholic beverages,,0,0,0,0,0,0
AL,Albania,Data source,All types,5.07,4.77,4.81,5.06,5.43,5.65,5.53
AL,Albania,Data source,Beer,1.74,1.57,1.58,1.82,1.81,1.88,1.72
AL,Albania,Data source,Wine,1.34,1.17,1.12,1.06,1.3,1.27,1.3
AL,Albania,Data source,Spirits,1.9,1.94,2.02,2.09,2.22,2.4,2.39
AL,Albania,Data source,Other alcoholic beverages,0.09,0.08,0.09,0.09,0.1,0.1,0.12
DZ,Algeria,Data source,All types,0.56,0.56,0.56,0.54,0.49,0.44,0.39
DZ,Algeria,Data source,Beer,0.32,0.31,0.28,0.26,0.23,0.21,0.18
DZ,Algeria,Data source,Wine,0.14,0.14,0.18,0.18,0.18,0.17,0.16
DZ,Algeria,Data source,Spirits,0.1,0.1,0.1,0.1,0.07,0.06,0.04
DZ,Algeria,Data source,Other alcoholic beverages,0,0,0,0,0,0,0
AD,Andorra,Data source,All types,10.06,9.97,9.95,9.78,10.06,10.31,10.64
AD,Andorra,Data source,Beer,3.43,3.33,3.33,3.11,3.26,3.25,3.54
AD,Andorra,Data source,Wine,4.22,4.32,4.28,4.33,4.46,4.55,4.38
AD,Andorra,Data source,Spirits,2.41,2.32,2.34,2.35,2.35,2.51,2.73
AD,Andorra,Data source,Other alcoholic beverages,0,0,0,0,0,0,0
AO,Angola,Data source,All types,4.7,5.65,9,8.02,8.14,7.86,7.67
AO,Angola,Data source,Beer,3.3,3.66,5.06,5.02,5.17,4.98,4.75
AO,Angola,Data source,Wine,0.83,1.24,2.65,1.93,1.95,1.85,1.83
AO,Angola,Data source,Spirits,0.53,0.7,1.21,1.02,0.98,0.98,1.02
AO,Angola,Data source,Other alcoholic beverages,0.04,0.05,0.07,0.06,0.04,0.04,0.08
AG,Antigua and Barbuda,Data source,All types,,8.45,8.45,8.5,8.3,7.91,7.81
AG,Antigua and Barbuda,Data source,Beer,,2.79,2.7,2.74,2.78,2.84,2.87
AG,Antigua and Barbuda,Data source,Wine,,1.55,1.81,1.66,1.68,1.51,1.42
AG,Antigua and Barbuda,Data source,Spirits,,3.84,3.66,3.81,3.54,3.27,3.24
AG,Antigua and Barbuda,Data source,Other alcoholic beverages,,0.27,0.29,0.28,0.3,0.29,0.28
AR,Argentina,Data source,All types,,8.42,7.93,8.2,8.35,8.11,8.15
AR,Argentina,Data source,Beer,,3.36,3.36,3.32,3.21,3.15,3.32
AR,Argentina,Data source,Wine,,3.38,3.22,3.48,4.04,4.05,3.91
AR,Argentina,Data source,Spirits,,0.81,0.56,0.52,0.25,0.24,0.45
AR,Argentina,Data source,Other alcoholic beverages,,0.87,0.8,0.89,0.85,0.68,0.47
AM,Armenia,Data source,All types,3.77,3.84,3.97,3.72,3.84,4.06,4.23
AM,Armenia,Data source,Beer,0.4,0.46,0.51,0.42,0.25,0.33,0.39
AM,Armenia,Data source,Wine,0.26,0.2,0.13,0.13,0.31,0.39,0.3
AM,Armenia,Data source,Spirits,3.1,3.16,3.32,3.17,3.27,3.33,3.52
AM,Armenia,Data source,Other alcoholic beverages,0,0,0.01,0.01,0.01,0.01,0.01
AU,Australia,Data source,All types,9.71,9.52,9.71,9.87,10.03,10.3,10.52
AU,Australia,Data source,Beer,3.87,3.76,4.01,4.04,4.14,4.31,4.51
AU,Australia,Data source,Wine,3.64,3.66,3.64,3.7,3.78,3.79,3.87
AU,Australia,Data source,Spirits,1.25,1.22,1.23,1.29,1.26,1.34,1.3
AU,Australia,Data source,Other alcoholic beverages,0.95,0.88,0.83,0.84,0.85,0.86,0.84
AT,Austria,Data source,All types,,11.4,12.2,11.6,12.1,11.9,12.1
AT,Austria,Data source,Beer,,6.1,6.3,6,6.3,6.1,6.1
AT,Austria,Data source,Wine,,3.6,4.2,3.9,4.1,4.1,4.3
AT,Austria,Data source,Spirits,,1.7,1.7,1.7,1.7,1.7,1.7
AT,Austria,Data source,Other alcoholic beverages,,,0,0,0,0,0
AZ,Azerbaijan,Data source,All types,0.39,0.84,1.95,2.04,1.98,1.94,1.9
AZ,Azerbaijan,Data source,Beer,0.24,0.3,0.19,0.31,0.29,0.28,0.29
AZ,Azerbaijan,Data source,Wine,0.14,0.13,0.15,0.15,0.15,0.15,0.15
AZ,Azerbaijan,Data source,Spirits,0,0.4,1.61,1.57,1.53,1.5,1.46
AZ,Azerbaijan,Data source,Other alcoholic beverages,0.01,0,0.01,0.01,0.01,0.01,0.01
BS,Bahamas,Data source,All types,,8.65,8.62,8.55,8.86,8.94,8.75
BS,Bahamas,Data source,Beer,,3.39,3.53,3.47,3.41,3.34,3.23
BS,Bahamas,Data source,Wine,,1.44,1.31,1.35,1.61,1.65,1.54
BS,Bahamas,Data source,Spirits,,3.56,3.51,3.46,3.56,3.68,3.69
BS,Bahamas,Data source,Other alcoholic beverages,,0.26,0.27,0.27,0.27,0.27,0.29
BH,Bahrain,Data source,All types,2.08,2.16,2.12,2.12,2.02,1.86,2.1
BH,Bahrain,Data source,Beer,0.39,0.39,0.38,0.36,0.35,0.34,0.45
BH,Bahrain,Data source,Wine,0.13,0.13,0.12,0.11,0.11,0.12,0.11
BH,Bahrain,Data source,Spirits,0.94,1,1.04,1.14,1.22,1.19,1.34
BH,Bahrain,Data source,Other alcoholic beverages,0.61,0.64,0.58,0.51,0.34,0.22,0.2
BD,Bangladesh,Data source,All types,,0.01,0.01,0.01,0.01,0.01,0.01
BD,Bangladesh,Data source,Beer,,0,0,0,0,0,0
BD,Bangladesh,Data source,Wine,,0,0,0,0,0,0
BD,Bangladesh,Data source,Spirits,,0,0,0,0,0,0
BD,Bangladesh,Data source,Other alcoholic beverages,,0,0,0,0,0,0
BB,Barbados,Data source,All types,,9.15,8.97,8.88,8.79,8.49,8.45
BB,Barbados,Data source,Beer,,3.44,3.48,3.46,3.44,3.37,3.33
BB,Barbados,Data source,Wine,,0.96,0.83,0.89,0.87,0.79,0.9
BB,Barbados,Data source,Spirits,,4.58,4.47,4.35,4.28,4.13,4.02
BB,Barbados,Data source,Other alcoholic beverages,,0.17,0.18,0.19,0.2,0.21,0.21
BY,Belarus,Data source,All types,10.05,10.09,11.71,12.37,14.14,15.05,13.88
BY,Belarus,Data source,Beer,2.29,2.29,2.48,2.55,2.53,2.6,2.47
BY,Belarus,Data source,Wine,0.23,0.21,0.24,0.24,0.24,0.23,0.2
BY,Belarus,Data source,Spirits,4.92,4.62,5.21,5.57,7.1,6.9,5.89
BY,Belarus,Data source,Other alcoholic beverages,2.61,2.97,3.77,4.01,4.27,5.33,5.31
BE,Belgium,Data source,All types,,10.36,10.57,10.33,10.09,10.14,10.27
BE,Belgium,Data source,Beer,,4.6,4.72,4.6,4.78,4.89,5.03
BE,Belgium,Data source,Wine,,3.97,3.97,3.87,3.72,3.71,3.72
BE,Belgium,Data source,Spirits,,1.47,1.47,1.42,1.54,1.49,1.48
BE,Belgium,Data source,Other alcoholic beverages,,0.32,0.41,0.44,0.05,0.05,0.05
BZ,Belize,Data source,All types,,6.2,6.17,6.17,6.28,6.26,6.38
BZ,Belize,Data source,Beer,,4.29,4.18,4.18,4.21,4.26,4.35
BZ,Belize,Data source,Wine,,0.12,0.15,0.17,0.2,0.14,0.13
BZ,Belize,Data source,Spirits,,1.65,1.69,1.68,1.72,1.71,1.75
BZ,Belize,Data source,Other alcoholic beverages,,0.14,0.14,0.15,0.16,0.15,0.15
BJ,Benin,Data source,All types,,1.55,1.6,1.45,1.42,1.44,1.37
BJ,Benin,Data source,Beer,,0.99,1,0.88,0.95,0.79,0.67
BJ,Benin,Data source,Wine,,0.15,0.19,0.15,0.13,0.22,0.25
BJ,Benin,Data source,Spirits,,0.2,0.2,0.2,0.14,0.16,0.16
BJ,Benin,Data source,Other alcoholic beverages,,0.21,0.21,0.21,0.2,0.28,0.29
BT,Bhutan,Data source,All types,,,,0.19,0.4,0.18,1.16
BT,Bhutan,Data source,Beer,,,,0.09,0.13,0.03,1.06
BT,Bhutan,Data source,Wine,,,,0.01,0.01,0,0.02
BT,Bhutan,Data source,Spirits,,,,0.1,0.26,0.15,0.08
BT,Bhutan,Data source,Other alcoholic beverages,,,,0,0,0,0
BO,Bolivia,Data source,All types,3.57,3.61,3.69,3.73,3.82,3.86,3.9
BO,Bolivia,Data source,Beer,2.6,2.65,2.7,2.69,2.77,2.85,2.97
BO,Bolivia,Data source,Wine,0.15,0.15,0.16,0.17,0.22,0.24,0.22
BO,Bolivia,Data source,Spirits,0.76,0.76,0.77,0.77,0.75,0.73,0.69
BO,Bolivia,Data source,Other alcoholic beverages,0.06,0.06,0.05,0.05,0.04,0.04,0.02
BA,Bosnia and Herzegovina,Data source,All types,4.44,4.33,4.34,4.43,4.69,4.65,4.5
BA,Bosnia and Herzegovina,Data source,Beer,3.37,3.28,3.2,3.28,3.5,3.43,3.33
BA,Bosnia and Herzegovina,Data source,Wine,0.38,0.37,0.47,0.47,0.48,0.48,0.44
BA,Bosnia and Herzegovina,Data source,Spirits,0.55,0.54,0.53,0.54,0.57,0.61,0.62
BA,Bosnia and Herzegovina,Data source,Other alcoholic beverages,0.14,0.14,0.14,0.14,0.13,0.13,0.12
BW,Botswana,Data source,All types,,6.22,5.47,4.72,5.13,6,5.61
BW,Botswana,Data source,Beer,,2.99,2.84,2.54,2.2,2.23,2.34
BW,Botswana,Data source,Wine,,1.46,0.86,0.41,0.42,0.55,0.71
BW,Botswana,Data source,Spirits,,0.27,0.27,0.27,0.56,1.48,0.63
BW,Botswana,Data source,Other alcoholic beverages,,1.49,1.49,1.49,1.95,1.75,1.94
BR,Brazil,Data source,All types,6.31,6.97,7.17,7.1,7.31,7.43,7.38
BR,Brazil,Data source,Beer,3.9,4.45,4.53,4.36,4.52,4.4,4.34
BR,Brazil,Data source,Wine,0.21,0.25,0.27,0.27,0.25,0.42,0.4
BR,Brazil,Data source,Spirits,2.16,2.24,2.33,2.44,2.51,2.58,2.61
BR,Brazil,Data source,Other alcoholic beverages,0.03,0.03,0.03,0.03,0.03,0.03,0.03
BN,Brunei Darussalam,Data source,All types,,0.64,0.64,0.64,0.65,0.94,0.87
BN,Brunei Darussalam,Data source,Beer,,0.64,0.64,0.64,0.65,0.85,0.82
BN,Brunei Darussalam,Data source,Wine,,0,0,0,0,0.05,0.01
BN,Brunei Darussalam,Data source,Spirits,,0,0,0,0,0.05,0.03
BN,Brunei Darussalam,Data source,Other alcoholic beverages,,0,0,0,0,0,0
BG,Bulgaria,Data source,All types,11.49,11.3,10.67,10.74,11.3,11.05,10.83
BG,Bulgaria,Data source,Beer,4.45,4.22,4.06,4.26,4.3,4.1,4.01
BG,Bulgaria,Data source,Wine,1.97,1.96,1.74,1.53,1.93,1.72,1.73
BG,Bulgaria,Data source,Spirits,4.92,4.99,4.76,4.87,4.98,5.16,5.02
BG,Bulgaria,Data source,Other alcoholic beverages,0.14,0.13,0.11,0.09,0.08,0.07,0.07
BF,Burkina Faso,Data source,All types,,4.87,4.85,4.63,4.64,4.51,4.65
BF,Burkina Faso,Data source,Beer,,0.88,0.85,0.67,0.63,0.53,0.46
BF,Burkina Faso,Data source,Wine,,0.13,0.14,0.1,0.1,0.18,0.17
BF,Burkina Faso,Data source,Spirits,,0.24,0.24,0.24,0.2,0.13,0.12
BF,Burkina Faso,Data source,Other alcoholic beverages,,3.62,3.62,3.62,3.7,3.67,3.9
BI,Burundi,Data source,All types,,,,,,4.16,4.16
BI,Burundi,Data source,Beer,,,,,,1.63,1.59
BI,Burundi,Data source,Wine,,,,,,0,0
BI,Burundi,Data source,Spirits,,,,,,0,0
BI,Burundi,Data source,Other alcoholic beverages,,,,,,2.51,2.56
BI,Cabo Verde,Data source,All types,,4.12,3.88,3.53,4.98,5.06,4.73
BI,Cabo Verde,Data source,Beer,,2.27,2.27,2.27,2.31,2.81,2.51
BI,Cabo Verde,Data source,Wine,,1.85,1.62,1.26,1.52,1.55,1.62
BI,Cabo Verde,Data source,Spirits,,0,0,0,1.16,0.7,0.61
BI,Cabo Verde,Data source,Other alcoholic beverages,,0,0,0,0,0,0
KH,Cambodia,Data source,All types,3.5,3.32,3.04,2.78,2.5,2.38,2.14
KH,Cambodia,Data source,Beer,3.08,2.92,2.63,2.37,2.09,1.98,1.75
KH,Cambodia,Data source,Wine,0.02,0,0,0,0,0,0
KH,Cambodia,Data source,Spirits,0.39,0.39,0.4,0.41,0.41,0.4,0.39
KH,Cambodia,Data source,Other alcoholic beverages,0,0,0,0,0,0,0
CM,Cameroon,Data source,All types,,6.5,6.71,6.67,6.35,6.12,6.17
CM,Cameroon,Data source,Beer,,2.83,3.01,2.98,2.81,2.5,2.53
CM,Cameroon,Data source,Wine,,0.09,0.13,0.11,0.11,0.11,0.09
CM,Cameroon,Data source,Spirits,,0.01,0.01,0.01,0.02,0,0.01
CM,Cameroon,Data source,Other alcoholic beverages,,3.57,3.57,3.57,3.41,3.51,3.54
CA,Canada,Data source,All types,8.2,8,8.1,8.2,8.3,8.2,8.4
CA,Canada,Data source,Beer,3.7,3.7,3.8,3.9,4,4,4.2
CA,Canada,Data source,Wine,2.1,2,2,2,2,1.9,1.9
CA,Canada,Data source,Spirits,2.1,2,2,2.1,2.1,2.1,2.1
CA,Canada,Data source,Other alcoholic beverages,0.3,0.3,0.3,0.2,0.2,0.2,0.2
CF,Central African Republic,Data source,All types,,1.68,1.59,1.46,1.72,1.77,1.82
CF,Central African Republic,Data source,Beer,,0.43,0.36,0.22,0.31,0.32,0.29
CF,Central African Republic,Data source,Wine,,0.01,0,0,0,0.01,0.02
CF,Central African Republic,Data source,Spirits,,0,0,0,0,0.02,0.04
CF,Central African Republic,Data source,Other alcoholic beverages,,1.23,1.23,1.23,1.41,1.42,1.48
TD,Chad,Data source,All types,,0.69,0.68,0.63,0.63,0.6,0.55
TD,Chad,Data source,Beer,,0.48,0.47,0.42,0.37,0.37,0.32
TD,Chad,Data source,Wine,,0.01,0.01,0.01,0.04,0.05,0.05
TD,Chad,Data source,Spirits,,0.04,0.04,0.04,0.04,0.04,0.03
TD,Chad,Data source,Other alcoholic beverages,,0.16,0.16,0.16,0.18,0.14,0.15
CL,Chile,Data source,All types,,7.89,7.92,7.23,8.35,7.02,7.55
CL,Chile,Data source,Beer,,2.85,2.79,2.67,2.55,2.51,2.35
CL,Chile,Data source,Wine,,2.61,2.85,2.37,2.65,2.51,3.1
CL,Chile,Data source,Spirits,,2.43,2.28,2.19,3.15,2,2.1
CL,Chile,Data source,Other alcoholic beverages,,0,0,0,0,0,0
CN,China,Data source,All types,5.74,5.74,5.81,5.81,5.74,5.65,5.75
CN,China,Data source,Beer,1.7,1.76,1.88,1.9,1.83,1.77,1.67
CN,China,Data source,Wine,0.18,0.17,0.16,0.17,0.18,0.21,0.17
CN,China,Data source,Spirits,3.86,3.81,3.76,3.73,3.72,3.67,3.98
CN,China,Data source,Other alcoholic beverages,0,0,0,0,0,0,0
CO,Colombia,Data source,All types,4.46,4.43,4.3,4.33,4.35,4.29,4.21
CO,Colombia,Data source,Beer,3.18,3.13,2.99,2.98,2.99,2.9,2.8
CO,Colombia,Data source,Wine,0.05,0.05,0.05,0.05,0.05,0.06,0.07
CO,Colombia,Data source,Spirits,1.22,1.23,1.24,1.28,1.29,1.31,1.33
CO,Colombia,Data source,Other alcoholic beverages,0.01,0.02,0.02,0.02,0.02,0.02,0.02
KM,Comoros,Data source,All types,,,,0.25,0.11,0.12,0.15
KM,Comoros,Data source,Beer,,,,0.06,0.03,0.02,0.04
KM,Comoros,Data source,Wine,,,,0.08,0.04,0.05,0.03
KM,Comoros,Data source,Spirits,,,,0.11,0.04,0.05,0.08
KM,Comoros,Data source,Other alcoholic beverages,,,,0,0,0,0
KM,Congo,Data source,All types,,4.86,4.93,4.71,4.46,4.34,4.12
KM,Congo,Data source,Beer,,4.1,4.13,3.96,3.88,3.76,3.53
KM,Congo,Data source,Wine,,0.23,0.24,0.2,0.01,0.01,0.01
KM,Congo,Data source,Spirits,,0.5,0.53,0.53,0.54,0.55,0.56
KM,Congo,Data source,Other alcoholic beverages,,0.03,0.03,0.03,0.02,0.02,0.02
CK,Cook Islands,Data source,All types,,,,15.78,13.67,7.07,13.01
CK,Cook Islands,Data source,Beer,,,,5,2.63,2.45,2.1
CK,Cook Islands,Data source,Wine,,,,2.54,2.7,1.49,5.06
CK,Cook Islands,Data source,Spirits,,,,8.24,8.34,3.12,5.86
CK,Cook Islands,Data source,Other alcoholic beverages,,,,0,0,0,0
CR,Costa Rica,Data source,All types,3.7,3.63,3.56,3.53,3.43,3.49,3.65
CR,Costa Rica,Data source,Beer,2.38,2.31,2.27,2.24,2.23,2.12,2.11
CR,Costa Rica,Data source,Wine,0.27,0.27,0.26,0.23,0.2,0.21,0.19
CR,Costa Rica,Data source,Spirits,1.03,1.02,1,1.02,0.96,1.12,1.31
CR,Costa Rica,Data source,Other alcoholic beverages,0.03,0.03,0.04,0.04,0.04,0.04,0.04
IT,Ivory Coast,Data source,All types,,4.79,4.67,4.56,4.69,4.61,4.77
IT,Ivory Coast,Data source,Beer,,1.05,0.93,0.8,0.79,0.72,0.7
IT,Ivory Coast,Data source,Wine,,0.24,0.25,0.27,0.27,0.27,0.27
IT,Ivory Coast,Data source,Spirits,,0.01,0.01,0.01,0.05,0.02,0.02
IT,Ivory Coast,Data source,Other alcoholic beverages,,3.49,3.49,3.49,3.59,3.59,3.78
HR,Croatia,Data source,All types,10.32,9.89,10.64,11.64,11.92,12.43,12.11
HR,Croatia,Data source,Beer,4.59,4.5,4.26,4.62,4.57,4.74,4.5
HR,Croatia,Data source,Wine,4.03,3.68,4.67,5.36,5.7,6.05,5.99
HR,Croatia,Data source,Spirits,1.34,1.34,1.33,1.28,1.25,1.21,1.2
HR,Croatia,Data source,Other alcoholic beverages,0.36,0.36,0.37,0.37,0.4,0.43,0.43
CU,Cuba,Data source,All types,4.59,4.6,4.48,4.32,4.15,4.15,4.1
CU,Cuba,Data source,Beer,1.71,1.78,1.73,1.69,1.65,1.63,1.61
CU,Cuba,Data source,Wine,0.23,0.23,0.23,0.23,0.08,0.08,0.06
CU,Cuba,Data source,Spirits,2.63,2.57,2.51,2.38,2.4,2.43,2.42
CU,Cuba,Data source,Other alcoholic beverages,0.02,0.02,0.01,0.02,0.02,0.02,0.02
NF,Northern Cyprus,Data source,All types,,9.55,9.59,9.04,10.56,10.7,11.32
NF,Northern Cyprus,Data source,Beer,,2.84,3.21,3.3,3.48,3.53,3.78
NF,Northern Cyprus,Data source,Wine,,2.71,2.78,2.48,2.61,2.56,2.67
NF,Northern Cyprus,Data source,Spirits,,4,3.6,3.25,4.47,4.61,4.86
NF,Northern Cyprus,Data source,Other alcoholic beverages,,0,0,0,0,0,0
CZ,Czech Republic,Data source,All types,12.99,12.82,13.06,12.84,12.97,12.61,12.65
CZ,Czech Republic,Data source,Beer,6.92,6.9,7.15,7.15,7.15,6.79,6.79
CZ,Czech Republic,Data source,Wine,2.77,2.67,2.7,2.6,2.65,2.58,2.58
CZ,Czech Republic,Data source,Spirits,3.3,3.25,3.21,3.09,3.17,3.25,3.28
CZ,Czech Republic,Data source,Other alcoholic beverages,0,0,0,0,0,0,0
CZ,Democratic People's Republic of Korea,Data source,All types,,3.35,3.35,3.35,3.61,3.39,3.12
CZ,Democratic People's Republic of Korea,Data source,Beer,,0.09,0.09,0.09,0.09,0.15,0.16
CZ,Democratic People's Republic of Korea,Data source,Wine,,0,0,0,0,0,0
CZ,Democratic People's Republic of Korea,Data source,Spirits,,3.26,3.26,3.26,3.52,3.24,2.96
CZ,Democratic People's Republic of Korea,Data source,Other alcoholic beverages,,0,0,0,0,0,0
CZ,Democratic Republic of the Congo,Data source,All types,,1.39,1.58,1.62,1.72,1.65,1.67
CZ,Democratic Republic of the Congo,Data source,Beer,,0.54,0.73,0.77,0.68,0.66,0.59
CZ,Democratic Republic of the Congo,Data source,Wine,,0.01,0.01,0.01,0.2,0.15,0.23
CZ,Democratic Republic of the Congo,Data source,Spirits,,0.01,0.01,0.01,0.01,0.01,0.04
CZ,Democratic Republic of the Congo,Data source,Other alcoholic beverages,,0.83,0.83,0.83,0.83,0.83,0.81
DK,Denmark,Data source,All types,9.55,9.38,9.53,9.43,9.1,10.22,10.24
DK,Denmark,Data source,Beer,3.57,3.49,3.62,3.51,3.52,3.77,3.9
DK,Denmark,Data source,Wine,4.27,4.21,4.34,4.35,4.13,4.99,4.88
DK,Denmark,Data source,Spirits,1.63,1.68,1.57,1.57,1.46,1.46,1.46
DK,Denmark,Data source,Other alcoholic beverages,0.08,0,0,0,0,0,0
DJ,Djibouti,Data source,All types,0.36,0.37,0.34,0.52,0.47,0.51,0.5
DJ,Djibouti,Data source,Beer,0.1,0.1,0.08,0.11,0.12,0.2,0.21
DJ,Djibouti,Data source,Wine,0.06,0.06,0.03,0.17,0.12,0.08,0.05
DJ,Djibouti,Data source,Spirits,0.2,0.2,0.23,0.23,0.22,0.22,0.23
DJ,Djibouti,Data source,Other alcoholic beverages,0,0,0,0.01,0.01,0.01,0.01
DM,Dominica,Data source,All types,,,,8.41,8.48,5.46,7.45
DM,Dominica,Data source,Beer,,,,0.93,0.94,0.11,0.48
DM,Dominica,Data source,Wine,,,,0,0,0.48,0.74
DM,Dominica,Data source,Spirits,,,,7.47,7.54,4.79,6.16
DM,Dominica,Data source,Other alcoholic beverages,,,,0,0,0.09,0.08
DO,Dominican Republic,Data source,All types,5.5,6.14,6.02,6.03,6.02,6.01,6.12
DO,Dominican Republic,Data source,Beer,2.87,3.49,3.41,3.33,3.29,3.25,3.27
DO,Dominican Republic,Data source,Wine,0.24,0.24,0.22,0.2,0.19,0.18,0.16
DO,Dominican Republic,Data source,Spirits,2.31,2.34,2.33,2.43,2.48,2.5,2.61
DO,Dominican Republic,Data source,Other alcoholic beverages,0.08,0.07,0.06,0.07,0.07,0.07,0.07
EC,Ecuador,Data source,All types,3.17,3.67,3.8,3.78,3.92,4,3.96
EC,Ecuador,Data source,Beer,2.53,3,3,2.96,2.88,2.78,2.68
EC,Ecuador,Data source,Wine,0.05,0.05,0.06,0.05,0.06,0.05,0.05
EC,Ecuador,Data source,Spirits,0.56,0.6,0.72,0.75,0.96,1.15,1.21
EC,Ecuador,Data source,Other alcoholic beverages,0.02,0.02,0.02,0.02,0.02,0.02,0.02
EG,Egypt,Data source,All types,0.18,0.18,0.2,0.2,0.2,0.2,0.21
EG,Egypt,Data source,Beer,0.11,0.11,0.11,0.11,0.11,0.11,0.11
EG,Egypt,Data source,Wine,0.01,0.01,0.02,0.02,0.02,0.02,0.02
EG,Egypt,Data source,Spirits,0.06,0.06,0.07,0.06,0.07,0.06,0.07
EG,Egypt,Data source,Other alcoholic beverages,0,0,0,0,0,0,0
SV,El Salvador,Data source,All types,2.68,2.57,2.47,2.36,2.42,2.31,2.29
SV,El Salvador,Data source,Beer,1.28,1.17,1.08,1.05,1.01,0.94,0.92
SV,El Salvador,Data source,Wine,0.04,0.04,0.04,0.04,0.03,0.04,0.04
SV,El Salvador,Data source,Spirits,1.36,1.35,1.35,1.27,1.38,1.33,1.33
SV,El Salvador,Data source,Other alcoholic beverages,0,0,0,0,0,0,0
GQ,Equatorial Guinea,Data source,All types,,9.85,10.23,10.16,11.65,10.78,9.76
GQ,Equatorial Guinea,Data source,Beer,,8.17,8.39,8.67,7.82,7.21,6.05
GQ,Equatorial Guinea,Data source,Wine,,1.68,1.85,1.49,3.83,3.56,3.71
GQ,Equatorial Guinea,Data source,Spirits,,0,0,0,0,0,0
GQ,Equatorial Guinea,Data source,Other alcoholic beverages,,0,0,0,0,0,0
ER,Eritrea,Data source,All types,,,,,,0.62,0.61
ER,Eritrea,Data source,Beer,,,,,,0.38,0.4
ER,Eritrea,Data source,Wine,,,,,,0,0
ER,Eritrea,Data source,Spirits,,,,,,0,0
ER,Eritrea,Data source,Other alcoholic beverages,,,,,,0.23,0.21
EE,Estonia,Data source,All types,15.35,16.64,17.29,17.75,16.96,16.27,14.97
EE,Estonia,Data source,Beer,5.02,5.44,5.66,5.8,5.55,5.32,4.9
EE,Estonia,Data source,Wine,1.14,1.23,1.28,1.31,1.26,1.2,1.11
EE,Estonia,Data source,Spirits,7.72,8.37,8.7,8.93,8.53,8.18,7.53
EE,Estonia,Data source,Other alcoholic beverages,1.47,1.6,1.65,1.71,1.62,1.57,1.43
EE,Eswatini,Data source,All types,,7.38,7.46,6.53,5.54,5.95,5.65
EE,Eswatini,Data source,Beer,,1.81,1.71,1.79,1.54,1.63,1.65
EE,Eswatini,Data source,Wine,,1.19,1.37,0.37,0.06,0.06,0.05
EE,Eswatini,Data source,Spirits,,0,0,0,0,0.13,0.02
EE,Eswatini,Data source,Other alcoholic beverages,,4.37,4.37,4.37,3.94,4.12,3.93
ET,Ethiopia,Data source,All types,,1.43,1.43,1.43,1.4,0.86,0.88
ET,Ethiopia,Data source,Beer,,0.78,0.78,0.78,0.78,0.35,0.36
ET,Ethiopia,Data source,Wine,,0,0,0,0,0,0
ET,Ethiopia,Data source,Spirits,,0.12,0.12,0.12,0.12,0.05,0.06
ET,Ethiopia,Data source,Other alcoholic beverages,,0.53,0.53,0.53,0.5,0.46,0.46
FJ,Fiji,Data source,All types,,2.21,2.32,2.3,2.24,2.13,2.25
FJ,Fiji,Data source,Beer,,1.54,1.66,1.64,1.57,1.49,1.35
FJ,Fiji,Data source,Wine,,0.03,0.03,0.03,0.03,0.02,0.02
FJ,Fiji,Data source,Spirits,,0.64,0.64,0.64,0.64,0.62,0.88
FJ,Fiji,Data source,Other alcoholic beverages,,0,0,0,0,0,0
FI,Finland,Data source,All types,8.43,8.51,8.75,9.07,9.27,9.81,9.72
FI,Finland,Data source,Beer,4.11,4.13,4.17,4.28,4.27,4.61,4.47
FI,Finland,Data source,Wine,1.74,1.75,1.8,1.84,1.89,1.74,1.7
FI,Finland,Data source,Spirits,1.81,1.84,1.92,2.03,2.15,2.25,2.33
FI,Finland,Data source,Other alcoholic beverages,0.77,0.79,0.86,0.92,0.96,1.21,1.22
FR,France,Data source,All types,11.74,11.87,11.97,11.64,12.24,12.37,12.33
FR,France,Data source,Beer,2.21,2.16,2.26,1.8,2.15,2.1,2.18
FR,France,Data source,Wine,6.9,7.09,7.04,7.13,7.33,7.41,7.27
FR,France,Data source,Spirits,2.43,2.42,2.47,2.5,2.54,2.64,2.65
FR,France,Data source,Other alcoholic beverages,0.2,0.2,0.2,0.21,0.22,0.22,0.23
GA,Gabon,Data source,All types,,9.54,9.54,8.7,8.27,8.65,8.86
GA,Gabon,Data source,Beer,,7.28,7.25,6.2,5.81,5.78,5.94
GA,Gabon,Data source,Wine,,0.88,0.83,0.92,0.91,1.11,1.16
GA,Gabon,Data source,Spirits,,1.27,1.35,1.45,1.44,1.69,1.7
GA,Gabon,Data source,Other alcoholic beverages,,0.1,0.11,0.12,0.11,0.07,0.06
GM,Gambia,Data source,All types,,2.96,2.94,2.89,2.97,2.92,3.06
GM,Gambia,Data source,Beer,,0.25,0.25,0.22,0.21,0.17,0.17
GM,Gambia,Data source,Wine,,0.06,0.04,0.02,0.02,0.02,0.02
GM,Gambia,Data source,Spirits,,0,0,0,0,0.01,0.01
GM,Gambia,Data source,Other alcoholic beverages,,2.65,2.65,2.65,2.74,2.72,2.86
GE,Georgia,Data source,All types,7.44,7.44,7.23,7.06,7.59,8.68,8.1
GE,Georgia,Data source,Beer,1.37,1.37,1.36,1.35,1.26,1.91,1.4
GE,Georgia,Data source,Wine,3.2,3.1,2.86,2.72,3.31,3.85,3.81
GE,Georgia,Data source,Spirits,2.86,2.97,3.01,2.98,3.02,2.92,2.89
GE,Georgia,Data source,Other alcoholic beverages,0.01,0.01,0.01,0.01,0.01,0,0
DE,Germany,Data source,All types,10.9,11.99,11.6,11.67,11.76,11.87,11.35
DE,Germany,Data source,Beer,5.74,5.66,5.71,5.71,5.83,5.98,5.91
DE,Germany,Data source,Wine,3.1,3.84,3.41,3.55,3.47,3.46,3.29
DE,Germany,Data source,Spirits,2.07,2.49,2.48,2.41,2.46,2.43,2.15
DE,Germany,Data source,Other alcoholic beverages,,0,0,0,0,0,0
GH,Ghana,Data source,All types,,1.56,1.56,1.6,1.79,1.86,1.94
GH,Ghana,Data source,Beer,,0.44,0.46,0.43,0.44,0.48,0.48
GH,Ghana,Data source,Wine,,0.1,0.09,0.15,0.24,0.21,0.17
GH,Ghana,Data source,Spirits,,0.13,0.13,0.13,0.1,0.11,0.04
GH,Ghana,Data source,Other alcoholic beverages,,0.89,0.89,0.89,1.01,1.06,1.24
GR,Greece,Data source,All types,6.52,6.64,6.99,7.52,7.62,8.03,8.99
GR,Greece,Data source,Beer,2.05,2.04,2.09,2.12,2.11,2.1,2.24
GR,Greece,Data source,Wine,2.96,3.08,3.32,3.81,3.92,4.21,4.78
GR,Greece,Data source,Spirits,1.42,1.44,1.5,1.5,1.49,1.62,1.84
GR,Greece,Data source,Other alcoholic beverages,0.08,0.08,0.09,0.09,0.09,0.1,0.13
GD,Grenada,Data source,All types,8.88,8.67,8.47,8.37,8.28,8.11,8.18
GD,Grenada,Data source,Beer,3.63,3.57,3.56,3.58,3.57,3.55,3.55
GD,Grenada,Data source,Wine,0.62,0.62,0.6,0.5,0.42,0.37,0.43
GD,Grenada,Data source,Spirits,4.29,4.16,4.01,4.05,4.09,3.99,3.99
GD,Grenada,Data source,Other alcoholic beverages,0.34,0.33,0.29,0.24,0.2,0.2,0.2
GT,Guatemala,Data source,All types,1.62,1.62,1.65,1.81,1.9,2.02,1.99
GT,Guatemala,Data source,Beer,0.91,0.9,0.94,0.92,0.93,0.85,0.82
GT,Guatemala,Data source,Wine,0.03,0.04,0.04,0.04,0.04,0.03,0.03
GT,Guatemala,Data source,Spirits,0.67,0.67,0.67,0.85,0.93,1.13,1.14
GT,Guatemala,Data source,Other alcoholic beverages,0,0,0,0,0,0,0
GN,Guinea,Data source,All types,,0.34,0.28,0.22,0.22,0.22,0.2
GN,Guinea,Data source,Beer,,0.31,0.26,0.2,0.19,0.18,0.15
GN,Guinea,Data source,Wine,,0.03,0.03,0.03,0.03,0.02,0.03
GN,Guinea,Data source,Spirits,,0,0,0,0,0.01,0.01
GN,Guinea,Data source,Other alcoholic beverages,,0,0,0,0,0.01,0.01
GW,Guinea-Bissau,Data source,All types,,2.81,2.8,2.69,2.83,2.96,2.83
GW,Guinea-Bissau,Data source,Beer,,0.39,0.39,0.39,0.45,0.49,0.43
GW,Guinea-Bissau,Data source,Wine,,0.88,0.86,0.76,0.89,0.89,0.69
GW,Guinea-Bissau,Data source,Spirits,,0.39,0.39,0.39,0.4,0.51,0.52
GW,Guinea-Bissau,Data source,Other alcoholic beverages,,1.16,1.16,1.16,1.09,1.07,1.2
GY,Guyana,Data source,All types,5.31,4.75,5.2,5.11,5.13,5.11,5.08
GY,Guyana,Data source,Beer,2.57,1.86,1.86,1.84,1.81,1.75,1.71
GY,Guyana,Data source,Wine,0.01,0.02,0.02,0.02,0.02,0.03,0.02
GY,Guyana,Data source,Spirits,2.7,2.85,3.29,3.21,3.27,3.3,3.32
GY,Guyana,Data source,Other alcoholic beverages,0.03,0.03,0.03,0.03,0.03,0.03,0.03
HT,Haiti,Data source,All types,,5.81,5.81,5.81,5.81,5.71,5.77
HT,Haiti,Data source,Beer,,0.13,0.13,0.13,0.13,0.12,0.11
HT,Haiti,Data source,Wine,,0.02,0.02,0.02,0.02,0.01,0.01
HT,Haiti,Data source,Spirits,,5.65,5.65,5.65,5.65,5.57,5.65
HT,Haiti,Data source,Other alcoholic beverages,,0.01,0.01,0.01,0.01,0.01,0.01
HN,Honduras,Data source,All types,2.86,2.84,2.64,2.92,2.92,2.94,2.91
HN,Honduras,Data source,Beer,1.33,1.33,1.24,1.24,1.23,1.21,1.16
HN,Honduras,Data source,Wine,0.03,0.03,0.03,0.03,0.03,0.03,0.03
HN,Honduras,Data source,Spirits,1.49,1.47,1.37,1.65,1.67,1.69,1.71
HN,Honduras,Data source,Other alcoholic beverages,0,0,0,0,0,0,0
HU,Hungary,Data source,All types,,10.9,10.88,10.7,11.14,11.35,10.75
HU,Hungary,Data source,Beer,,3.93,3.9,3.77,4.06,4.04,3.91
HU,Hungary,Data source,Wine,,3.41,2.9,3.2,3.2,3.49,3.16
HU,Hungary,Data source,Spirits,,3.57,4.08,3.73,3.88,3.82,3.68
HU,Hungary,Data source,Other alcoholic beverages,,,,0,0,0,0
IS,Iceland,Data source,All types,7.5,7.66,7.01,6.8,6.82,6.84,6.79
IS,Iceland,Data source,Beer,4.24,4.26,3.87,3.74,3.78,3.68,3.71
IS,Iceland,Data source,Wine,2.09,2.15,2.02,1.96,1.95,1.9,1.87
IS,Iceland,Data source,Spirits,1.16,1.25,1.13,1.1,1.1,1.26,1.21
IS,Iceland,Data source,Other alcoholic beverages,0,0,0,0,0,0,0
IN,India,Data source,All types,3.04,3,3.02,3.05,3.06,2.96,2.74
IN,India,Data source,Beer,0.23,0.21,0.2,0.2,0.19,0.18,0.17
IN,India,Data source,Wine,0,0,0,0,0,0,0
IN,India,Data source,Spirits,2.81,2.79,2.81,2.85,2.87,2.79,2.57
IN,India,Data source,Other alcoholic beverages,0,0,0,0,0,0,0
ID,Indonesia,Data source,All types,0.29,0.28,0.28,0.28,0.1,0.09,0.09
ID,Indonesia,Data source,Beer,0.05,0.05,0.07,0.09,0.08,0.08,0.08
ID,Indonesia,Data source,Wine,0.22,0.22,0.19,0.18,0,0,0
ID,Indonesia,Data source,Spirits,0.01,0.01,0.01,0.01,0.01,0.01,0.01
ID,Indonesia,Data source,Other alcoholic beverages,0,0,0,0,0,0,0
ID,Iran,Data source,All types,,0.01,0.01,0.01,0.02,0.03,0.03
ID,Iran,Data source,Beer,,0,0,0,0,0,0
ID,Iran,Data source,Wine,,0,0,0,0,0,0
ID,Iran,Data source,Spirits,,0.01,0.01,0.01,0.02,0.03,0.03
ID,Iran,Data source,Other alcoholic beverages,,0,0,0,0,0,0
IQ,Iraq,Data source,All types,,0.17,0.17,0.17,0.19,0.18,0.19
IQ,Iraq,Data source,Beer,,0.12,0.12,0.12,0.14,0.12,0.14
IQ,Iraq,Data source,Wine,,0,0,0,0,0,0
IQ,Iraq,Data source,Spirits,,0.04,0.04,0.04,0.05,0.05,0.04
IQ,Iraq,Data source,Other alcoholic beverages,,0,0,0,0,0,0
IE,Ireland,Data source,All types,11.46,10.93,11,10.64,11.53,11.65,11.63
IE,Ireland,Data source,Beer,5.39,5.14,5.17,5,5.42,5.48,5.47
IE,Ireland,Data source,Wine,3.21,3.06,3.08,2.98,3.23,3.26,3.26
IE,Ireland,Data source,Spirits,2.15,1.97,1.98,1.92,2.08,2.1,2.09
IE,Ireland,Data source,Other alcoholic beverages,0.71,0.77,0.77,0.74,0.81,0.82,0.81
IL,Israel,Data source,All types,2.64,2.61,2.71,2.86,2.81,2.66,2.63
IL,Israel,Data source,Beer,1.44,1.41,1.39,1.36,1.28,1.21,1.15
IL,Israel,Data source,Wine,0.12,0.11,0.23,0.23,0.23,0.18,0.18
IL,Israel,Data source,Spirits,1.05,1.05,1.05,1.21,1.25,1.22,1.24
IL,Israel,Data source,Other alcoholic beverages,0.04,0.04,0.04,0.05,0.05,0.05,0.06
IT,Italy,Data source,All types,7.08,7.14,7.56,7.35,7.48,6.98,6.95
IT,Italy,Data source,Beer,1.8,1.78,1.73,1.7,1.7,1.69,1.66
IT,Italy,Data source,Wine,4.58,4.61,4.97,4.86,4.99,4.45,4.45
IT,Italy,Data source,Spirits,0.69,0.74,0.86,0.79,0.79,0.84,0.84
IT,Italy,Data source,Other alcoholic beverages,0,0,0,0,0,0,0
JM,Jamaica,Data source,All types,3.44,3.33,3.28,3.27,3.15,3.09,3.06
JM,Jamaica,Data source,Beer,1.25,1.16,1.09,1.06,1.03,1.03,1.01
JM,Jamaica,Data source,Wine,0.17,0.17,0.16,0.16,0.15,0.13,0.17
JM,Jamaica,Data source,Spirits,1.87,1.82,1.86,1.9,1.83,1.8,1.75
JM,Jamaica,Data source,Other alcoholic beverages,0.16,0.19,0.17,0.15,0.14,0.13,0.14
JP,Japan,Data source,All types,,6.86,6.71,6.95,6.83,6.86,6.88
JP,Japan,Data source,Beer,,1.25,1.22,1.28,1.27,1.29,1.32
JP,Japan,Data source,Wine,,0.38,0.37,0.36,0.34,0.3,0.28
JP,Japan,Data source,Spirits,,2.74,2.64,2.7,2.63,2.64,2.63
JP,Japan,Data source,Other alcoholic beverages,,2.49,2.48,2.62,2.59,2.63,2.65
JO,Jordan,Data source,All types,0.38,0.37,0.43,0.41,0.43,0.44,0.52
JO,Jordan,Data source,Beer,0.07,0.07,0.07,0.05,0.05,0.04,0.1
JO,Jordan,Data source,Wine,0.01,0.01,0.01,0.01,0.02,0.02,0.02
JO,Jordan,Data source,Spirits,0.29,0.29,0.34,0.34,0.35,0.37,0.39
JO,Jordan,Data source,Other alcoholic beverages,0.01,0.01,0.01,0.01,0.01,0.01,0.01
KZ,Kazakhstan,Data source,All types,5.8,5.92,6.06,6.26,6.48,6.35,6.59
KZ,Kazakhstan,Data source,Beer,1.77,1.78,1.79,1.92,1.98,1.86,2.04
KZ,Kazakhstan,Data source,Wine,0.38,0.38,0.37,0.37,0.37,0.35,0.35
KZ,Kazakhstan,Data source,Spirits,3.65,3.76,3.89,3.97,4.14,4.14,4.21
KZ,Kazakhstan,Data source,Other alcoholic beverages,0,0,0,0,0,0,0
KE,Kenya,Data source,All types,,1.86,1.77,2.06,1.96,1.95,1.84
KE,Kenya,Data source,Beer,,0.74,0.64,0.93,0.96,0.93,0.97
KE,Kenya,Data source,Wine,,0.03,0.03,0.04,0.03,0.04,0.03
KE,Kenya,Data source,Spirits,,0.4,0.4,0.4,0.44,0.45,0.41
KE,Kenya,Data source,Other alcoholic beverages,,0.69,0.69,0.69,0.53,0.54,0.43
KI,Kiribati,Data source,All types,,0.36,0.36,0.36,0.37,0.55,0.49
KI,Kiribati,Data source,Beer,,0.36,0.36,0.36,0.37,0.44,0.46
KI,Kiribati,Data source,Wine,,0,0,0,0,0.03,0.04
KI,Kiribati,Data source,Spirits,,0,0,0,0,0.08,0
KI,Kiribati,Data source,Other alcoholic beverages,,0,0,0,0,0,0
KW,Kuwait,Data source,All types,,0.01,0.01,0.01,0.01,0.02,0.01
KW,Kuwait,Data source,Beer,,0,0,0,0,0.01,0
KW,Kuwait,Data source,Wine,,0,0,0,0,0,0
KW,Kuwait,Data source,Spirits,,0.01,0.01,0.01,0.01,0.01,0.01
KW,Kuwait,Data source,Other alcoholic beverages,,0,0,0,0,0,0
KG,Kyrgyzstan,Data source,All types,3.91,4.7,5.59,5.72,5.83,6.02,6.08
KG,Kyrgyzstan,Data source,Beer,0.45,0.59,0.57,0.55,0.55,0.58,0.53
KG,Kyrgyzstan,Data source,Wine,0.08,0.09,0.12,0.12,0.12,0.12,0.12
KG,Kyrgyzstan,Data source,Spirits,3.37,4.02,4.89,5.05,5.15,5.32,5.43
KG,Kyrgyzstan,Data source,Other alcoholic beverages,0,0,0,0,0,0,0
LA,Laos,Data source,All types,,6.81,6.63,6.41,6.31,6.29,6.09
LA,Laos,Data source,Beer,,3.41,3.23,3.02,2.83,2.63,2.45
LA,Laos,Data source,Wine,,0,0,0,0,0,0
LA,Laos,Data source,Spirits,,3.39,3.39,3.39,3.48,3.66,3.65
LA,Laos,Data source,Other alcoholic beverages,,0,0,0,0,0,0
LV,Latvia,Data source,All types,11.19,10.82,10.6,10.43,10.2,10.11,9.83
LV,Latvia,Data source,Beer,4.79,4.8,4.8,4.7,4.67,4.86,4.61
LV,Latvia,Data source,Wine,1.24,1.24,1.2,1.1,1.16,1.13,1.05
LV,Latvia,Data source,Spirits,4.48,4.13,4,3.99,3.77,3.57,3.64
LV,Latvia,Data source,Other alcoholic beverages,0.68,0.65,0.6,0.64,0.6,0.55,0.53
LB,Lebanon,Data source,All types,1.21,1.18,1.36,1.34,1.42,1.47,1.56
LB,Lebanon,Data source,Beer,0.41,0.38,0.37,0.3,0.32,0.35,0.41
LB,Lebanon,Data source,Wine,0.19,0.19,0.33,0.33,0.33,0.28,0.28
LB,Lebanon,Data source,Spirits,0.6,0.59,0.64,0.69,0.75,0.82,0.85
LB,Lebanon,Data source,Other alcoholic beverages,0.02,0.02,0.02,0.02,0.02,0.02,0.02
LS,Lesotho,Data source,All types,,2.88,2.66,2.64,2.51,2.45,2.86
LS,Lesotho,Data source,Beer,,1.65,1.44,1.41,1.43,1.5,1.49
LS,Lesotho,Data source,Wine,,0.09,0.09,0.09,0,0.01,0.01
LS,Lesotho,Data source,Spirits,,0.3,0.3,0.3,0.62,0.6,0.61
LS,Lesotho,Data source,Other alcoholic beverages,,0.83,0.83,0.83,0.46,0.35,0.76
LR,Liberia,Data source,All types,,3.51,3.47,3.72,3.75,3.74,3.63
LR,Liberia,Data source,Beer,,0.33,0.31,0.56,0.53,0.49,0.33
LR,Liberia,Data source,Wine,,0.06,0.03,0.05,0.03,0.05,0.03
LR,Liberia,Data source,Spirits,,3.1,3.1,3.1,3.19,3.18,3.28
LR,Liberia,Data source,Other alcoholic beverages,,0.02,0.02,0.02,0,0.02,0
LY,Libya,Data source,All types,,,,0,0.01,0,0
LY,Libya,Data source,Beer,,,,0,0,0,0
LY,Libya,Data source,Wine,,,,0,0,0,0
LY,Libya,Data source,Spirits,,,,0,0.01,0,0
LY,Libya,Data source,Other alcoholic beverages,,,,0,0,0,0
LT,Lithuania,Data source,All types,13.61,14.42,14.82,15.14,15.15,14.88,13.61
LT,Lithuania,Data source,Beer,5.93,6.28,6.45,6.71,6.6,6.48,5.93
LT,Lithuania,Data source,Wine,0.99,1.03,1.08,1.1,1.1,1.08,0.99
LT,Lithuania,Data source,Spirits,5.05,5.35,5.5,5.62,5.62,5.52,5.05
LT,Lithuania,Data source,Other alcoholic beverages,1.65,1.76,1.79,1.72,1.83,1.8,1.65
LU,Luxembourg,Data source,All types,11.22,11.83,11.69,11.55,11.89,12.01,11.72
LU,Luxembourg,Data source,Beer,3.97,3.91,3.99,3.76,3.99,4.04,4.05
LU,Luxembourg,Data source,Wine,5,5.47,5.23,5.34,5.4,5.44,5.28
LU,Luxembourg,Data source,Spirits,2.25,2.46,2.48,2.46,2.5,2.54,2.4
LU,Luxembourg,Data source,Other alcoholic beverages,0,0,0,0,0,0,0
MG,Madagascar,Data source,All types,0.89,0.87,0.88,0.87,0.93,0.97,1.03
MG,Madagascar,Data source,Beer,0.48,0.46,0.44,0.42,0.45,0.5,0.53
MG,Madagascar,Data source,Wine,0.07,0.08,0.1,0.11,0.17,0.17,0.17
MG,Madagascar,Data source,Spirits,0.34,0.34,0.34,0.34,0.31,0.3,0.33
MG,Madagascar,Data source,Other alcoholic beverages,0,0,0,0,0,0,0
MW,Malawi,Data source,All types,,2,1.99,1.99,1.83,1.86,1.67
MW,Malawi,Data source,Beer,,0.18,0.16,0.16,0.16,0.16,0.16
MW,Malawi,Data source,Wine,,0.02,0.02,0.02,0.02,0.02,0.02
MW,Malawi,Data source,Spirits,,0.23,0.23,0.23,0.28,0.16,0.17
MW,Malawi,Data source,Other alcoholic beverages,,1.58,1.58,1.58,1.38,1.52,1.33
MY,Malaysia,Data source,All types,0.63,0.64,0.58,0.59,0.53,0.51,0.49
MY,Malaysia,Data source,Beer,0.38,0.39,0.39,0.4,0.4,0.39,0.38
MY,Malaysia,Data source,Wine,0.13,0.13,0.07,0.07,0,0,0
MY,Malaysia,Data source,Spirits,0.11,0.11,0.11,0.12,0.12,0.11,0.1
MY,Malaysia,Data source,Other alcoholic beverages,0.01,0.01,0.01,0.01,0.01,0.01,0.01
MV,Maldives,Data source,All types,,1.32,1.32,1.33,1.31,1.89,1.72
MV,Maldives,Data source,Beer,,0.41,0.41,0.41,0.42,0.5,0.5
MV,Maldives,Data source,Wine,,0.49,0.49,0.5,0.48,0.53,0.45
MV,Maldives,Data source,Spirits,,0.42,0.42,0.42,0.42,0.86,0.78
MV,Maldives,Data source,Other alcoholic beverages,,0,0,0,0,0,0
ML,Mali,Data source,All types,,0.58,0.58,0.58,0.61,0.6,0.58
ML,Mali,Data source,Beer,,0.09,0.09,0.09,0.08,0.08,0.07
ML,Mali,Data source,Wine,,0.01,0.01,0.01,0.01,0.01,0.01
ML,Mali,Data source,Spirits,,0,0,0,0,0.02,0.02
ML,Mali,Data source,Other alcoholic beverages,,0.48,0.48,0.48,0.52,0.5,0.48
MT,Malta,Data source,All types,8.02,7.75,7.88,7.97,7.92,7.12,7.52
MT,Malta,Data source,Beer,2.94,2.96,2.88,2.9,3.07,2.58,2.89
MT,Malta,Data source,Wine,2.37,2.21,2.49,2.5,2.51,2.35,2.58
MT,Malta,Data source,Spirits,2.27,2.16,2.11,2.18,1.98,1.85,1.72
MT,Malta,Data source,Other alcoholic beverages,0.44,0.42,0.4,0.4,0.36,0.33,0.33
MR,Mauritania,Data source,All types,,0,0,0,0,0.01,0
MR,Mauritania,Data source,Beer,,0,0,0,0,0,0
MR,Mauritania,Data source,Wine,,0,0,0,0,0,0
MR,Mauritania,Data source,Spirits,,0,0,0,0,0,0
MR,Mauritania,Data source,Other alcoholic beverages,,0,0,0,0,0,0
MU,Mauritius,Data source,All types,,2.58,2.8,2.95,2.94,3.02,2.95
MU,Mauritius,Data source,Beer,,1.39,1.67,1.84,1.84,1.84,1.8
MU,Mauritius,Data source,Wine,,0.4,0.33,0.32,0.3,0.31,0.35
MU,Mauritius,Data source,Spirits,,0.79,0.79,0.79,0.8,0.87,0.78
MU,Mauritius,Data source,Other alcoholic beverages,,0,0,0,0,0,0.01
MX,Mexico,Data source,All types,5.53,5.28,5.19,5.16,5.31,5.32,5.15
MX,Mexico,Data source,Beer,4.26,4.01,3.83,3.81,3.96,3.96,3.89
MX,Mexico,Data source,Wine,0.11,0.11,0.23,0.22,0.2,0.2,0.12
MX,Mexico,Data source,Spirits,1.13,1.14,1.11,1.1,1.12,1.12,1.11
MX,Mexico,Data source,Other alcoholic beverages,0.03,0.03,0.03,0.03,0.03,0.03,0.03
MX,Micronesia (Federated States of),Data source,All types,,1.59,1.59,1.67,2.98,1.91,1.78
MX,Micronesia (Federated States of),Data source,Beer,,0.92,0.92,0.89,1.03,0.9,0.86
MX,Micronesia (Federated States of),Data source,Wine,,0.13,0.13,0.27,1.38,0.47,0.31
MX,Micronesia (Federated States of),Data source,Spirits,,0.52,0.52,0.5,0.56,0.51,0.6
MX,Micronesia (Federated States of),Data source,Other alcoholic beverages,,0.01,0.01,0.01,0.01,0.02,0.01
MN,Mongolia,Data source,All types,,5.66,5.74,5.64,5.51,5.38,5.06
MN,Mongolia,Data source,Beer,,2.47,2.53,2.42,2.25,2.04,1.44
MN,Mongolia,Data source,Wine,,0.1,0.12,0.13,0.12,0.15,0.15
MN,Mongolia,Data source,Spirits,,3.09,3.09,3.09,3.14,3.19,3.33
MN,Mongolia,Data source,Other alcoholic beverages,,0,0,0,0,0,0
ME,Montenegro,Data source,All types,,6.41,6.53,6.47,6.49,6.38,7.26
ME,Montenegro,Data source,Beer,,0.69,0.69,0.69,0.8,0.72,0.73
ME,Montenegro,Data source,Wine,,2.76,3,3.01,3.02,3.05,3.99
ME,Montenegro,Data source,Spirits,,2.83,2.71,2.63,2.54,2.47,2.37
ME,Montenegro,Data source,Other alcoholic beverages,,0.13,0.13,0.13,0.13,0.15,0.16
MA,Morocco,Data source,All types,,0.38,0.5,0.53,0.54,0.54,0.55
MA,Morocco,Data source,Beer,,0.16,0.15,0.18,0.18,0.18,0.2
MA,Morocco,Data source,Wine,,0.16,0.28,0.28,0.28,0.27,0.27
MA,Morocco,Data source,Spirits,,0.07,0.06,0.07,0.08,0.09,0.09
MA,Morocco,Data source,Other alcoholic beverages,,0,0,0,0,0,0
MZ,Mozambique,Data source,All types,1.29,1.23,1.1,1,0.99,0.93,0.85
MZ,Mozambique,Data source,Beer,1.01,0.96,0.81,0.74,0.72,0.68,0.61
MZ,Mozambique,Data source,Wine,0.11,0.11,0.12,0.1,0.11,0.12,0.1
MZ,Mozambique,Data source,Spirits,0.16,0.15,0.17,0.16,0.15,0.13,0.13
MZ,Mozambique,Data source,Other alcoholic beverages,0.01,0.01,0.01,0,0,0,0
MM,Myanmar,Data source,All types,,1.6,1.78,1.67,1.36,1.09,0.97
MM,Myanmar,Data source,Beer,,0.36,0.59,0.46,0.36,0.17,0.15
MM,Myanmar,Data source,Wine,,0.16,0.15,0.18,0,0,0
MM,Myanmar,Data source,Spirits,,1.08,1.04,1.03,1,0.92,0.82
MM,Myanmar,Data source,Other alcoholic beverages,,0.01,0.01,0.01,0.01,0.01,0.01
NA,Namibia,Data source,All types,,7.83,7.83,7.83,6.34,7.71,7.44
NA,Namibia,Data source,Beer,,4.71,4.71,4.71,4.67,7.3,7.16
NA,Namibia,Data source,Wine,,0.81,0.81,0.81,0.59,0.06,0.06
NA,Namibia,Data source,Spirits,,1.08,1.08,1.08,0.84,0.21,0.07
NA,Namibia,Data source,Other alcoholic beverages,,1.22,1.22,1.22,0.24,0.14,0.15
NR,Nauru,Data source,All types,,,,2.54,3.64,4.44,4.66
NR,Nauru,Data source,Beer,,,,0.56,0.5,1.82,1.83
NR,Nauru,Data source,Wine,,,,0.09,0.23,0.06,0.25
NR,Nauru,Data source,Spirits,,,,1.88,2.91,2.56,2.58
NR,Nauru,Data source,Other alcoholic beverages,,,,,0,0,0
NP,Nepal,Data source,All types,,0.58,0.69,0.6,0.26,0.25,0.23
NP,Nepal,Data source,Beer,,0.18,0.17,0.15,0.13,0.12,0.1
NP,Nepal,Data source,Wine,,0.29,0.4,0.34,0,0,0
NP,Nepal,Data source,Spirits,,0.12,0.12,0.12,0.12,0.12,0.12
NP,Nepal,Data source,Other alcoholic beverages,,0,0,0,0,0,0
NL,Netherlands,Data source,All types,,8.03,8.16,8.54,9.28,9.17,9.32
NL,Netherlands,Data source,Beer,,3.83,3.84,4.21,4.34,4.35,4.36
NL,Netherlands,Data source,Wine,,2.88,3,3.01,3.37,3.38,3.39
NL,Netherlands,Data source,Spirits,,1.32,1.32,1.32,1.57,1.45,1.57
NL,Netherlands,Data source,Other alcoholic beverages,,0,0,0,0,0,0
NZ,New Zealand,Data source,All types,9.24,8.87,9.15,9.25,9.24,9.48,9.63
NZ,New Zealand,Data source,Beer,3.46,3.35,3.39,3.49,3.41,3.66,3.68
NZ,New Zealand,Data source,Wine,3.08,2.97,3.19,3.05,3.03,3.02,3.23
NZ,New Zealand,Data source,Spirits,2.67,2.53,2.55,2.69,2.78,2.77,2.69
NZ,New Zealand,Data source,Other alcoholic beverages,0.03,0.03,0.02,0.02,0.03,0.03,0.04
NI,Nicaragua,Data source,All types,3.86,3.73,3.54,3.56,3.61,3.36,3.34
NI,Nicaragua,Data source,Beer,1.53,1.45,1.38,1.35,1.32,1.32,1.32
NI,Nicaragua,Data source,Wine,0.03,0.03,0.02,0.02,0.02,0.02,0.02
NI,Nicaragua,Data source,Spirits,2.3,2.25,2.13,2.19,2.26,2.02,2.01
NI,Nicaragua,Data source,Other alcoholic beverages,0,0,0,0,0,0,0
NE,Niger,Data source,All types,,0.11,0.11,0.1,0.16,0.13,0.11
NE,Niger,Data source,Beer,,0.05,0.05,0.04,0.05,0.05,0.05
NE,Niger,Data source,Wine,,0.01,0.01,0.01,0.02,0.01,0.01
NE,Niger,Data source,Spirits,,0.04,0.04,0.04,0.09,0.07,0.05
NE,Niger,Data source,Other alcoholic beverages,,0,0,0,0,0,0
NG,Nigeria,Data source,All types,,9.62,9.64,9.63,9.9,10.13,10.31
NG,Nigeria,Data source,Beer,,0.76,0.76,0.76,0.75,0.75,0.7
NG,Nigeria,Data source,Wine,,0.04,0.05,0.05,0.05,0.04,0.03
NG,Nigeria,Data source,Spirits,,0.06,0.06,0.06,0.06,0.06,0.08
NG,Nigeria,Data source,Other alcoholic beverages,,8.76,8.76,8.76,9.04,9.28,9.5
NU,Niue,Data source,All types,,,,10.57,11.29,5.99,4.9
NU,Niue,Data source,Beer,,,,5.95,2.91,3.13,1.9
NU,Niue,Data source,Wine,,,,1.39,1.21,0.74,0.6
NU,Niue,Data source,Spirits,,,,3.23,7.17,2.12,2.4
NU,Niue,Data source,Other alcoholic beverages,,,,0,0,0,0
NO,Norway,Data source,All types,6.03,5.97,6.06,6.22,6.21,6.44,6.59
NO,Norway,Data source,Beer,2.65,2.57,2.62,2.68,2.67,2.83,2.91
NO,Norway,Data source,Wine,2.21,2.22,2.25,2.3,2.29,2.3,2.29
NO,Norway,Data source,Spirits,1.01,1.03,1.04,1.09,1.11,1.18,1.25
NO,Norway,Data source,Other alcoholic beverages,0.16,0.15,0.15,0.14,0.14,0.13,0.14
OM,Oman,Data source,All types,0.39,0.39,0.39,0.42,0.48,0.51,0.53
OM,Oman,Data source,Beer,0.16,0.16,0.16,0.17,0.18,0.2,0.21
OM,Oman,Data source,Wine,0.01,0.02,0.02,0.01,0.03,0.02,0.03
OM,Oman,Data source,Spirits,0.22,0.22,0.22,0.24,0.27,0.28,0.29
OM,Oman,Data source,Other alcoholic beverages,0,0,0,0,0,0,0
PK,Pakistan,Data source,All types,0.04,0.04,0.04,0.03,0.03,0.04,0.04
PK,Pakistan,Data source,Beer,0,0,0,0,0,0,0
PK,Pakistan,Data source,Wine,0,0,0,0,0,0,0
PK,Pakistan,Data source,Spirits,0.04,0.04,0.03,0.03,0.03,0.03,0.03
PK,Pakistan,Data source,Other alcoholic beverages,0,0,0,0,0,0,0
PA,Panama,Data source,All types,6.69,6.92,7.29,7.35,7.11,7.05,6.9
PA,Panama,Data source,Beer,5.14,5.37,5.74,5.52,5.14,5.05,4.86
PA,Panama,Data source,Wine,0.23,0.24,0.24,0.25,0.24,0.24,0.22
PA,Panama,Data source,Spirits,1.3,1.3,1.29,1.56,1.71,1.75,1.8
PA,Panama,Data source,Other alcoholic beverages,0.02,0.02,0.02,0.02,0.02,0.02,0.02
PG,Papua New Guinea,Data source,All types,,0.71,0.76,0.83,0.87,0.88,0.79
PG,Papua New Guinea,Data source,Beer,,0.68,0.73,0.8,0.83,0.85,0.76
PG,Papua New Guinea,Data source,Wine,,0.02,0.02,0.02,0.03,0.02,0.01
PG,Papua New Guinea,Data source,Spirits,,0.02,0.02,0.02,0.02,0.01,0.02
PG,Papua New Guinea,Data source,Other alcoholic beverages,,0,0,0,0,0,0
PY,Paraguay,Data source,All types,5.8,5.63,6.07,6.14,6.17,6.6,6.81
PY,Paraguay,Data source,Beer,3.15,3.13,3.17,3.2,3.21,3.32,3.28
PY,Paraguay,Data source,Wine,1.01,0.81,1.13,1.14,1.14,1.4,1.66
PY,Paraguay,Data source,Spirits,1.58,1.63,1.7,1.74,1.76,1.83,1.83
PY,Paraguay,Data source,Other alcoholic beverages,0.06,0.06,0.07,0.06,0.06,0.06,0.05
PE,Peru,Data source,All types,,5.1,5.14,5.06,5.38,5.26,5.28
PE,Peru,Data source,Beer,,3.06,3.09,3.07,3.19,3.09,3.13
PE,Peru,Data source,Wine,,0.41,0.42,0.36,0.57,0.54,0.49
PE,Peru,Data source,Spirits,,1.62,1.62,1.62,1.61,1.62,1.65
PE,Peru,Data source,Other alcoholic beverages,,0,0.01,0.01,0.01,0.01,0.01
PH,Philippines,Data source,All types,4.55,4.41,4.55,4.53,4.95,4.9,4.78
PH,Philippines,Data source,Beer,1.24,1.12,1.11,1.1,1.26,1.29,1.29
PH,Philippines,Data source,Wine,0.02,0.02,0.02,0.02,0.04,0.04,0.04
PH,Philippines,Data source,Spirits,3.28,3.26,3.39,3.39,3.63,3.45,3.3
PH,Philippines,Data source,Other alcoholic beverages,0.01,0,0.02,0.02,0.03,0.13,0.15
PL,Poland,Data source,All types,10.43,10.48,10.45,10.79,10.19,10.21,10.04
PL,Poland,Data source,Beer,5.85,5.83,5.8,5.74,5.83,5.54,5.3
PL,Poland,Data source,Wine,0.82,0.89,0.89,0.82,0.83,0.9,0.97
PL,Poland,Data source,Spirits,3.76,3.76,3.76,4.23,3.53,3.76,3.76
PL,Poland,Data source,Other alcoholic beverages,0,0,0,0,0,0,0
PT,Portugal,Data source,All types,10.66,10.54,10.35,10.54,10.86,11.91,12.23
PT,Portugal,Data source,Beer,2.79,2.69,2.71,2.81,2.82,3.12,3.36
PT,Portugal,Data source,Wine,6.55,6.54,6.38,6.5,6.76,7.43,7.47
PT,Portugal,Data source,Spirits,0.82,0.82,0.82,0.82,0.86,0.92,0.93
PT,Portugal,Data source,Other alcoholic beverages,0.5,0.48,0.44,0.41,0.42,0.45,0.47
PR,Puerto Rico,Data source,All types,,,4.96,4.87,4.8,4.63,4.66
PR,Puerto Rico,Data source,Beer,,,3.35,3.22,3.1,3.12,3.16
PR,Puerto Rico,Data source,Wine,,,0.4,0.34,0.33,0.32,0.32
PR,Puerto Rico,Data source,Spirits,,,1.16,1.25,1.3,1.12,1.11
PR,Puerto Rico,Data source,Other alcoholic beverages,,,0.06,0.06,0.06,0.07,0.07
QA,Qatar,Data source,All types,1.31,1.26,1.2,1.24,1.16,1.17,1.14
QA,Qatar,Data source,Beer,0.34,0.33,0.33,0.33,0.34,0.32,0.33
QA,Qatar,Data source,Wine,0.13,0.13,0.13,0.17,0.12,0.13,0.11
QA,Qatar,Data source,Spirits,0.83,0.79,0.73,0.74,0.7,0.71,0.7
QA,Qatar,Data source,Other alcoholic beverages,0.01,0.01,0.01,0.01,0,0,0.01
GS,South Korea,Data source,All types,,9.06,8.95,8.77,8.98,8.86,8.9
GS,South Korea,Data source,Beer,,2.01,2.01,2.1,1.98,1.93,1.89
GS,South Korea,Data source,Wine,,0.17,0.15,0.15,0.13,0.13,0.14
GS,South Korea,Data source,Spirits,,0.64,0.39,0.38,0.37,0.38,0.4
GS,South Korea,Data source,Other alcoholic beverages,,6.24,6.39,6.14,6.5,6.42,6.48
MD,Moldova,Data source,All types,9.3,9.39,9.14,9.62,9.85,8.67,7.55
MD,Moldova,Data source,Beer,1.5,1.52,1.62,1.78,1.95,1.83,1.65
MD,Moldova,Data source,Wine,5.26,5.25,4.84,4.85,4.86,3.58,2.59
MD,Moldova,Data source,Spirits,2.35,2.43,2.47,2.77,2.82,3.04,3.09
MD,Moldova,Data source,Other alcoholic beverages,0.19,0.19,0.21,0.22,0.21,0.21,0.22
RO,Romania,Data source,All types,,10.4,10.46,10.59,10.55,10.4,10.79
RO,Romania,Data source,Beer,,5.78,4.9,5.1,5,4.7,4.5
RO,Romania,Data source,Wine,,2.92,3.2,3.1,2.8,2.8,2.6
RO,Romania,Data source,Spirits,,1.7,1.4,1.4,1.1,1.4,1.9
RO,Romania,Data source,Other alcoholic beverages,,0,0,0,0,0,0
RO,Russia,Data source,All types,8.42,8.41,8.85,9.92,10.89,10.95,10.98
RO,Russia,Data source,Beer,3.29,3.49,3.64,3.96,4.17,4.13,4.09
RO,Russia,Data source,Wine,1.08,0.87,0.89,0.84,0.93,0.96,1.02
RO,Russia,Data source,Spirits,3.25,3.36,3.6,4.36,4.95,5.04,5.06
RO,Russia,Data source,Other alcoholic beverages,0.8,0.69,0.72,0.76,0.84,0.82,0.81
RW,Rwanda,Data source,All types,,6.91,6.83,6.9,7.13,7.3,7.7
RW,Rwanda,Data source,Beer,,1.02,0.95,1.02,0.98,0.88,0.81
RW,Rwanda,Data source,Wine,,0.01,0.01,0.01,0,0,0
RW,Rwanda,Data source,Spirits,,0.19,0.19,0.19,0.13,0.09,0.04
RW,Rwanda,Data source,Other alcoholic beverages,,5.68,5.68,5.68,6.02,6.33,6.85
KN,Saint Kitts and Nevis,Data source,All types,8.86,8.8,8.58,8.51,8.46,8.27,8.38
KN,Saint Kitts and Nevis,Data source,Beer,4.23,4.15,4.01,3.96,3.91,3.78,3.79
KN,Saint Kitts and Nevis,Data source,Wine,0.58,0.58,0.37,0.36,0.35,0.31,0.55
KN,Saint Kitts and Nevis,Data source,Spirits,3.84,3.88,4,4.02,4.04,3.99,3.84
KN,Saint Kitts and Nevis,Data source,Other alcoholic beverages,0.21,0.19,0.2,0.17,0.16,0.2,0.19
LC,Saint Lucia,Data source,All types,9.69,9.66,9.5,9.26,9.63,10.26,10.68
LC,Saint Lucia,Data source,Beer,3.43,3.36,3.27,3.28,3.28,3.27,3.28
LC,Saint Lucia,Data source,Wine,1.28,1.28,1.29,1.18,1.17,1.3,1.45
LC,Saint Lucia,Data source,Spirits,4.85,4.87,4.78,4.67,5.04,5.33,5.55
LC,Saint Lucia,Data source,Other alcoholic beverages,0.13,0.14,0.15,0.13,0.14,0.36,0.4
VC,Saint Vincent and the Grenadines,Data source,All types,7.44,7.25,6.99,6.89,6.93,7.02,6.99
VC,Saint Vincent and the Grenadines,Data source,Beer,2.72,2.6,2.49,2.41,2.34,2.35,2.32
VC,Saint Vincent and the Grenadines,Data source,Wine,0.27,0.27,0.22,0.17,0.33,0.3,0.33
VC,Saint Vincent and the Grenadines,Data source,Spirits,4.26,4.21,4.12,4.16,4.15,4.26,4.22
VC,Saint Vincent and the Grenadines,Data source,Other alcoholic beverages,0.19,0.17,0.16,0.15,0.12,0.1,0.12
WS,Samoa,Data source,All types,,1.97,2.01,1.9,2.19,2.16,3.01
WS,Samoa,Data source,Beer,,1.86,1.88,1.81,2.09,1.94,2.57
WS,Samoa,Data source,Wine,,0.12,0.13,0.09,0.1,0.09,0.09
WS,Samoa,Data source,Spirits,,0,0,0,0,0.12,0.35
WS,Samoa,Data source,Other alcoholic beverages,,0,0,0,0,0,0
ST,Sao Tome and Principe,Data source,All types,,4.85,5.39,4.78,4.83,5.9,5.8
ST,Sao Tome and Principe,Data source,Beer,,0.96,0.96,0.96,0.49,0.72,0.85
ST,Sao Tome and Principe,Data source,Wine,,3.89,4.43,3.82,4.34,4.64,4.39
ST,Sao Tome and Principe,Data source,Spirits,,0,0,0,0,0.54,0.56
ST,Sao Tome and Principe,Data source,Other alcoholic beverages,,0,0,0,0,0,0
SA,Saudi Arabia,Data source,All types,,0.08,0.08,0.08,0.08,0.09,0.08
SA,Saudi Arabia,Data source,Beer,,0,0,0,0,0,0
SA,Saudi Arabia,Data source,Wine,,0,0,0,0,0,0
SA,Saudi Arabia,Data source,Spirits,,0.08,0.08,0.08,0.08,0.09,0.08
SA,Saudi Arabia,Data source,Other alcoholic beverages,,0,0,0,0,0,0
SN,Senegal,Data source,All types,,0.25,0.25,0.25,0.28,0.31,0.28
SN,Senegal,Data source,Beer,,0.14,0.14,0.14,0.14,0.15,0.14
SN,Senegal,Data source,Wine,,0.08,0.08,0.08,0.11,0.13,0.12
SN,Senegal,Data source,Spirits,,0.02,0.02,0.03,0.03,0.03,0.03
SN,Senegal,Data source,Other alcoholic beverages,,0,0,0,0,0,0
RS,Serbia,Data source,All types,9.17,9.13,8.77,9.06,9.05,8.96,9.09
RS,Serbia,Data source,Beer,2.94,2.95,2.61,2.9,3.15,2.93,2.85
RS,Serbia,Data source,Wine,3.89,3.89,3.88,3.9,3.61,3.75,3.95
RS,Serbia,Data source,Spirits,2.32,2.28,2.26,2.24,2.27,2.27,2.27
RS,Serbia,Data source,Other alcoholic beverages,0.01,0.01,0.01,0.01,0.01,0.01,0.01
SC,Seychelles,Data source,All types,,11.5,9.77,9.36,8.16,8.58,5.92
SC,Seychelles,Data source,Beer,,7.92,6.73,6.48,5.49,4.83,2.71
SC,Seychelles,Data source,Wine,,2.57,2.15,2.09,1.89,2.98,2.56
SC,Seychelles,Data source,Spirits,,0.72,0.71,0.7,0.72,0.65,0.59
SC,Seychelles,Data source,Other alcoholic beverages,,0.28,0.18,0.09,0.06,0.12,0.06
SL,Sierra Leone,Data source,All types,,3.42,3.4,3.53,3.6,3.84,3.91
SL,Sierra Leone,Data source,Beer,,0.14,0.13,0.24,0.2,0.19,0.18
SL,Sierra Leone,Data source,Wine,,0.04,0.03,0.04,0.03,0.03,0.02
SL,Sierra Leone,Data source,Spirits,,0,0,0,0,0.02,0.02
SL,Sierra Leone,Data source,Other alcoholic beverages,,3.25,3.25,3.25,3.36,3.59,3.68
SG,Singapore,Data source,All types,1.81,1.8,1.83,1.84,1.93,1.89,1.84
SG,Singapore,Data source,Beer,1.27,1.25,1.28,1.23,1.34,1.31,1.29
SG,Singapore,Data source,Wine,0.26,0.27,0.27,0.28,0.27,0.27,0.25
SG,Singapore,Data source,Spirits,0.24,0.25,0.24,0.29,0.29,0.28,0.27
SG,Singapore,Data source,Other alcoholic beverages,0.04,0.03,0.03,0.03,0.03,0.03,0.03
SK,Slovakia,Data source,All types,10.14,10.78,10.89,10.54,10.66,10.78,10.55
SK,Slovakia,Data source,Beer,3.42,3.44,3.32,3.43,3.67,3.55,3.44
SK,Slovakia,Data source,Wine,2.12,2.61,2.84,2.37,2.13,2.25,2.13
SK,Slovakia,Data source,Spirits,4.24,4.27,4.14,4.14,4.38,4.5,4.62
SK,Slovakia,Data source,Other alcoholic beverages,0.35,0.47,0.59,0.59,0.47,0.47,0.36
SI,Slovenia,Data source,All types,10.51,11.49,10.92,9.53,10.95,10.61,10.31
SI,Slovenia,Data source,Beer,4.35,5.73,5.37,4.55,4.58,4.94,4.59
SI,Slovenia,Data source,Wine,5.32,4.9,4.73,4.09,5.5,4.81,4.85
SI,Slovenia,Data source,Spirits,0.84,0.86,0.82,0.89,0.87,0.86,0.89
SI,Slovenia,Data source,Other alcoholic beverages,0,0,0,0,0,0,0
SB,Solomon Islands,Data source,All types,,0.98,0.95,0.98,1,1.05,1.09
SB,Solomon Islands,Data source,Beer,,0.94,0.91,0.94,0.96,0.99,0.99
SB,Solomon Islands,Data source,Wine,,0.03,0.03,0.04,0.04,0.03,0.03
SB,Solomon Islands,Data source,Spirits,,0,0,0,0,0.03,0.07
SB,Solomon Islands,Data source,Other alcoholic beverages,,0,0,0,0,0,0
SO,Somalia,Data source,All types,,0,0,0,0,0,0
SO,Somalia,Data source,Beer,,0,0,0,0,0,0
SO,Somalia,Data source,Wine,,0,0,0,0,0,0
SO,Somalia,Data source,Spirits,,0,0,0,0,0,0
SO,Somalia,Data source,Other alcoholic beverages,,0,0,0,0,0,0
ZA,South Africa,Data source,All types,7.12,7.12,7.17,7.19,7.26,7.28,7.28
ZA,South Africa,Data source,Beer,3.99,3.94,4,4.07,4.15,4.21,4.19
ZA,South Africa,Data source,Wine,1.32,1.3,1.24,1.19,1.21,1.22,1.22
ZA,South Africa,Data source,Spirits,1.27,1.31,1.31,1.31,1.31,1.29,1.33
ZA,South Africa,Data source,Other alcoholic beverages,0.54,0.56,0.62,0.62,0.59,0.55,0.54
ES,Spain,Data source,All types,8.58,8.26,8.7,8.77,8.83,9.01,9.78
ES,Spain,Data source,Beer,4.64,4.51,4.35,4.42,4.41,4.4,4.87
ES,Spain,Data source,Wine,1.55,1.55,2.16,2.15,2.21,2.2,2.15
ES,Spain,Data source,Spirits,2.39,2.21,2.19,2.2,2.2,2.42,2.76
ES,Spain,Data source,Other alcoholic beverages,0,0,0,0,0,0,0
LK,Sri Lanka,Data source,All types,,2.72,2.45,2.65,2.89,3.03,2.31
LK,Sri Lanka,Data source,Beer,,0.36,0.37,0.4,0.4,0.28,0.3
LK,Sri Lanka,Data source,Wine,,0.01,0.01,0,0,0,0
LK,Sri Lanka,Data source,Spirits,,2.31,2.03,2.18,2.43,2.7,1.97
LK,Sri Lanka,Data source,Other alcoholic beverages,,0.04,0.05,0.06,0.06,0.05,0.04
SS,South Sudan,Data source,All types,,,,0.06,0,,
SS,South Sudan,Data source,Beer,,,,0.04,0,,
SS,South Sudan,Data source,Wine,,,,0,0,,
SS,South Sudan,Data source,Spirits,,,,0.02,0,,
SS,South Sudan,Data source,Other alcoholic beverages,,,,0,0,,
SR,Suriname,Data source,All types,4.22,4.69,5.41,5.95,5.75,5.66,5.27
SR,Suriname,Data source,Beer,1.9,2.05,2.15,2.11,2.07,2.04,2.03
SR,Suriname,Data source,Wine,0.15,0.15,0.17,0.19,0.11,0.16,0.13
SR,Suriname,Data source,Spirits,2.06,2.36,2.94,3.41,3.34,3.25,2.94
SR,Suriname,Data source,Other alcoholic beverages,0.12,0.14,0.16,0.23,0.23,0.21,0.18
SE,Sweden,Data source,All types,7.18,7.16,7.2,7.32,7.23,7.34,7.31
SE,Sweden,Data source,Beer,2.61,2.62,2.64,2.65,2.63,2.7,2.67
SE,Sweden,Data source,Wine,3.43,3.42,3.46,3.5,3.43,3.47,3.4
SE,Sweden,Data source,Spirits,1.01,1.01,0.99,1.06,1.05,1.05,1.11
SE,Sweden,Data source,Other alcoholic beverages,0.12,0.11,0.11,0.11,0.12,0.12,0.13
CH,Switzerland,Data source,All types,9.43,9.62,9.62,9.74,9.87,9.99,10.01
CH,Switzerland,Data source,Beer,3.03,3.17,3.17,3.17,3.17,3.17,3.18
CH,Switzerland,Data source,Wine,4.54,4.58,4.58,4.69,4.7,4.82,4.94
CH,Switzerland,Data source,Spirits,1.75,1.76,1.76,1.76,1.88,1.88,1.77
CH,Switzerland,Data source,Other alcoholic beverages,0.12,0.12,0.12,0.12,0.12,0.12,0.12
CH,Syria,Data source,All types,,0.23,0.2,0.15,0.21,0.6,0.76
CH,Syria,Data source,Beer,,0.03,0.02,0.01,0.02,0.08,0.1
CH,Syria,Data source,Wine,,0,0,0,0,0.01,0.01
CH,Syria,Data source,Spirits,,0.2,0.18,0.13,0.19,0.51,0.65
CH,Syria,Data source,Other alcoholic beverages,,0,0,0,0,0,0
TJ,Tajikistan,Data source,All types,0.91,0.9,0.87,0.79,0.76,0.7,0.67
TJ,Tajikistan,Data source,Beer,0.35,0.36,0.4,0.39,0.36,0.36,0.29
TJ,Tajikistan,Data source,Wine,0.01,0.01,0.02,0.02,0.02,0.02,0.02
TJ,Tajikistan,Data source,Spirits,0.56,0.53,0.45,0.38,0.38,0.32,0.37
TJ,Tajikistan,Data source,Other alcoholic beverages,0,0,0,0,0,0,0
TH,Thailand,Data source,All types,,6.57,6.9,6.79,7.09,7.14,6.7
TH,Thailand,Data source,Beer,,1.86,2.1,2.22,2.11,1.94,1.86
TH,Thailand,Data source,Wine,,0.18,0.18,0.17,0.15,0.12,0.09
TH,Thailand,Data source,Spirits,,4.53,4.62,4.4,4.83,5.08,4.75
TH,Thailand,Data source,Other alcoholic beverages,,0,0,0,0,0,0
MO,Macedonia,Data source,All types,4.83,4.68,3.75,3.81,3.74,3.74,3.76
MO,Macedonia,Data source,Beer,1.7,1.67,1.66,1.72,1.67,1.61,1.6
MO,Macedonia,Data source,Wine,2.25,2.15,1.23,1.23,1.24,1.26,1.26
MO,Macedonia,Data source,Spirits,0.84,0.84,0.83,0.83,0.81,0.85,0.87
MO,Macedonia,Data source,Other alcoholic beverages,0.03,0.03,0.03,0.03,0.02,0.02,0.02
TL,Timor-Leste,Data source,All types,,0.56,0.56,0.56,0.57,0.46,0.09
TL,Timor-Leste,Data source,Beer,,0.38,0.38,0.38,0.39,0.33,0.02
TL,Timor-Leste,Data source,Wine,,0.18,0.18,0.18,0.19,0.08,0.05
TL,Timor-Leste,Data source,Spirits,,0,0,0,0,0.05,0.02
TL,Timor-Leste,Data source,Other alcoholic beverages,,0,0,0,0,0,0
TG,Togo,Data source,All types,,1.66,1.66,1.63,1.38,1.53,1.3
TG,Togo,Data source,Beer,,0.61,0.61,0.58,0.52,0.49,0.63
TG,Togo,Data source,Wine,,0.26,0.27,0.27,0.36,0.34,0.29
TG,Togo,Data source,Spirits,,0.3,0.3,0.3,0.31,0.35,0.02
TG,Togo,Data source,Other alcoholic beverages,,0.48,0.48,0.48,0.18,0.36,0.37
TO,Tonga,Data source,All types,,,,0.37,0.54,0.96,1.24
TO,Tonga,Data source,Beer,,,,0.22,0.35,0.53,0.92
TO,Tonga,Data source,Wine,,,,0.04,0.12,0.1,0.09
TO,Tonga,Data source,Spirits,,,,0.1,0.07,0.32,0.23
TO,Tonga,Data source,Other alcoholic beverages,,,,0,0,0,0
TT,Trinidad and Tobago,Data source,All types,7.52,6.87,6.88,6.68,6.68,6.5,6.5
TT,Trinidad and Tobago,Data source,Beer,4.35,3.73,3.68,3.6,3.58,3.51,3.53
TT,Trinidad and Tobago,Data source,Wine,0.25,0.25,0.29,0.2,0.15,0.13,0.13
TT,Trinidad and Tobago,Data source,Spirits,2.79,2.77,2.79,2.78,2.84,2.76,2.75
TT,Trinidad and Tobago,Data source,Other alcoholic beverages,0.12,0.13,0.13,0.11,0.11,0.1,0.1
TN,Tunisia,Data source,All types,1.4,1.42,1.49,1.4,1.39,1.28,1.27
TN,Tunisia,Data source,Beer,1.01,1.04,0.95,0.85,0.85,0.85,0.87
TN,Tunisia,Data source,Wine,0.34,0.33,0.48,0.48,0.48,0.38,0.35
TN,Tunisia,Data source,Spirits,0.05,0.05,0.05,0.06,0.06,0.06,0.06
TN,Tunisia,Data source,Other alcoholic beverages,0,0,0,0,0,0,0.01
TR,Turkey,Data source,All types,1.29,1.4,1.44,1.4,1.53,1.51,1.49
TR,Turkey,Data source,Beer,0.74,0.8,0.83,0.78,0.9,0.84,0.86
TR,Turkey,Data source,Wine,0.11,0.13,0.13,0.13,0.12,0.12,0.13
TR,Turkey,Data source,Spirits,0.44,0.47,0.48,0.49,0.51,0.55,0.5
TR,Turkey,Data source,Other alcoholic beverages,0,0,0,0,0,0,0
TM,Turkmenistan,Data source,All types,3.43,3.39,3.85,3.88,3.7,3.56,3.55
TM,Turkmenistan,Data source,Beer,0.92,0.87,0.81,0.83,0.64,0.44,0.35
TM,Turkmenistan,Data source,Wine,1.21,1.22,1.76,1.76,1.76,1.8,1.88
TM,Turkmenistan,Data source,Spirits,1.31,1.3,1.28,1.29,1.3,1.31,1.32
TM,Turkmenistan,Data source,Other alcoholic beverages,0,0,0,0,0,0,0
TV,Tuvalu,Data source,All types,,,,1.63,1.91,1.34,1.02
TV,Tuvalu,Data source,Beer,,,,0.01,0,0.13,0.11
TV,Tuvalu,Data source,Wine,,,,1.38,1.79,1.15,0.55
TV,Tuvalu,Data source,Spirits,,,,0.23,0.12,0.06,0.36
TV,Tuvalu,Data source,Other alcoholic beverages,,,,0,0,0,0
UG,Uganda,Data source,All types,,7.63,7.67,7.58,8.3,11.59,11.3
UG,Uganda,Data source,Beer,,0.84,0.89,0.79,0.93,0.74,0.69
UG,Uganda,Data source,Wine,,0.01,0.01,0.01,0.01,0.01,0.01
UG,Uganda,Data source,Spirits,,0.23,0.23,0.23,0.29,0.22,0.16
UG,Uganda,Data source,Other alcoholic beverages,,6.54,6.54,6.54,7.07,10.63,10.44
UA,Ukraine,Data source,All types,5.82,5.75,6.22,7.11,8.18,8.77,8.81
UA,Ukraine,Data source,Beer,2.46,2.46,2.94,3.21,3.27,3.31,3.36
UA,Ukraine,Data source,Wine,0.31,0.32,0.32,0.38,0.48,0.58,0.6
UA,Ukraine,Data source,Spirits,3,2.56,2.56,3.04,3.88,4.28,4.24
UA,Ukraine,Data source,Other alcoholic beverages,0.04,0.4,0.4,0.48,0.55,0.61,0.61
AE,United Arab Emirates,Data source,All types,2.1,2.03,1.94,1.86,1.79,1.76,1.7
AE,United Arab Emirates,Data source,Beer,0.21,0.21,0.2,0.19,0.19,0.18,0.19
AE,United Arab Emirates,Data source,Wine,0.16,0.14,0.14,0.12,0.12,0.11,0.11
AE,United Arab Emirates,Data source,Spirits,1.72,1.68,1.6,1.54,1.48,1.46,1.4
AE,United Arab Emirates,Data source,Other alcoholic beverages,0.01,0.01,0.01,0.01,0.01,0.01,0.01
GB,United Kingdom,Data source,All types,9.81,9.82,9.69,9.65,9.76,10.02,10.22
GB,United Kingdom,Data source,Beer,3.44,3.49,3.48,3.38,3.46,3.65,3.76
GB,United Kingdom,Data source,Wine,3.5,3.48,3.38,3.36,3.3,3.3,3.3
GB,United Kingdom,Data source,Spirits,2.21,2.13,2.07,2.09,2.16,2.17,2.25
GB,United Kingdom,Data source,Other alcoholic beverages,0.66,0.73,0.76,0.83,0.84,0.9,0.91
TJ,Tanzania,Data source,All types,,6.16,6.16,6.2,5.84,6.62,6.65
TJ,Tanzania,Data source,Beer,,0.75,0.76,0.8,0.76,0.69,0.66
TJ,Tanzania,Data source,Wine,,0.02,0.02,0.02,0.02,0.01,0.01
TJ,Tanzania,Data source,Spirits,,0.1,0.1,0.1,0.21,0.1,0.24
TJ,Tanzania,Data source,Other alcoholic beverages,,5.28,5.28,5.28,4.84,5.81,5.74
GB,United States,Data source,All types,,8.78,8.77,8.81,8.86,8.66,8.56
GB,United States,Data source,Beer,,4.13,4.15,4.23,4.29,4.22,4.3
GB,United States,Data source,Wine,,1.59,1.61,1.59,1.6,1.55,1.45
GB,United States,Data source,Spirits,,3.07,3.01,2.99,2.96,2.89,2.81
GB,United States,Data source,Other alcoholic beverages,,,0,0,0,0,0
UY,Uruguay,Data source,All types,,9.03,9.06,8.7,8.47,8.75,8.52
UY,Uruguay,Data source,Beer,,3.18,3.19,3.2,3.34,3.22,2.97
UY,Uruguay,Data source,Wine,,3.94,3.83,3.97,3.72,4.12,4.13
UY,Uruguay,Data source,Spirits,,1.91,2.04,1.53,1.41,1.42,1.42
UY,Uruguay,Data source,Other alcoholic beverages,,0,0,0,0,0,0
UZ,Uzbekistan,Data source,All types,1.6,1.61,1.51,1.56,1.52,1.77,1.79
UZ,Uzbekistan,Data source,Beer,0.55,0.55,0.45,0.5,0.56,0.8,0.84
UZ,Uzbekistan,Data source,Wine,0.14,0.14,0.13,0.13,0.13,0.13,0.12
UZ,Uzbekistan,Data source,Spirits,0.91,0.91,0.92,0.92,0.83,0.84,0.83
UZ,Uzbekistan,Data source,Other alcoholic beverages,0,0,0,0,0,0,0
VU,Vanuatu,Data source,All types,,0.85,0.86,0.98,1.04,0.85,0.91
VU,Vanuatu,Data source,Beer,,0.33,0.34,0.47,0.49,0.37,0.34
VU,Vanuatu,Data source,Wine,,0.22,0.22,0.2,0.24,0.17,0.19
VU,Vanuatu,Data source,Spirits,,0.31,0.31,0.31,0.31,0.31,0.38
VU,Vanuatu,Data source,Other alcoholic beverages,,0,0,0,0,0.01,0
VU,Venezuela,Data source,All types,3.87,5.98,6.41,6.66,6.65,6.7,7.18
VU,Venezuela,Data source,Beer,2.68,4.7,4.94,4.93,4.86,5.02,5.45
VU,Venezuela,Data source,Wine,0.01,0.01,0.05,0.04,0.1,0.09,0.06
VU,Venezuela,Data source,Spirits,1.13,1.22,1.35,1.62,1.63,1.53,1.62
VU,Venezuela,Data source,Other alcoholic beverages,0.05,0.05,0.07,0.07,0.06,0.05,0.05
VN,Vietnam,Data source,All types,3.1,2.92,2.74,2.66,2.5,2.37,2.18
VN,Vietnam,Data source,Beer,2.83,2.67,2.5,2.43,2.33,2.24,2.07
VN,Vietnam,Data source,Wine,0.02,0.02,0.02,0.02,0.02,0.02,0.02
VN,Vietnam,Data source,Spirits,0.24,0.23,0.21,0.21,0.14,0.11,0.09
VN,Vietnam,Data source,Other alcoholic beverages,0,0,0,0,0,0,0
YE,Yemen,Data source,All types,,0.04,0.04,0.04,0.04,0.04,0.05
YE,Yemen,Data source,Beer,,0.03,0.03,0.03,0.04,0.03,0.05
YE,Yemen,Data source,Wine,,0,0,0,0,0,0
YE,Yemen,Data source,Spirits,,0,0,0,0,0,0
YE,Yemen,Data source,Other alcoholic beverages,,0,0,0,0,0,0
ZM,Zambia,Data source,All types,,2.89,2.93,2.81,2.96,2.93,2.95
ZM,Zambia,Data source,Beer,,1.05,1.08,0.99,0.82,0.7,0.58
ZM,Zambia,Data source,Wine,,0.08,0.09,0.07,0.06,0.06,0.07
ZM,Zambia,Data source,Spirits,,0.01,0.01,0.01,0.38,0.34,0.35
ZM,Zambia,Data source,Other alcoholic beverages,,1.75,1.75,1.75,1.7,1.83,1.95
ZW,Zimbabwe,Data source,All types,,3.55,3.44,3.34,3.45,3.34,2.92
ZW,Zimbabwe,Data source,Beer,,2.23,2.12,2.05,2.07,2.05,1.67
ZW,Zimbabwe,Data source,Wine,,0.05,0.05,0.13,0.09,0.13,0.1
ZW,Zimbabwe,Data source,Spirits,,0.43,0.43,0.32,0.44,0.32,0.34
ZW,Zimbabwe,Data source,Other alcoholic beverages,,0.85,0.85,0.83,0.85,0.83,0.81
