Country Code,Country,Data Source,Beverage Types,2009,2008,2007,2006,2005,2004,2003,2002,,,,,,,,,,,,,,,
AF,Afghanistan,Data source,All types,0.03,0.03,0.03,0.03,0.02,0.02,0.01,0.01,,,,,,,,,,,,,,,
AF,Afghanistan,Data source,Beer,0.01,0.01,0.01,0.01,0.01,0.02,0,0,,,,,,,,,,,,,,,
AF,Afghanistan,Data source,Wine,0,0,0,0,0,0,0,0,,,,,,,,,,,,,,,
AF,Afghanistan,Data source,Spirits,0.02,0.02,0.02,0.02,0.01,0,0.01,0,,,,,,,,,,,,,,,
AF,Afghanistan,Data source,Other alcoholic beverages,0,0,0,0,0,0,0,0,,,,,,,,,,,,,,,
AL,Albania,Data source,All types,6.04,5.82,5.76,5.46,5.3,4.67,4.43,4.01,,,,,,,,,,,,,,,
AL,Albania,Data source,Beer,2.2,2.13,1.94,1.79,1.65,1.37,1.45,1.29,,,,,,,,,,,,,,,
AL,Albania,Data source,Wine,1.28,1.2,1.35,1.28,1.33,1.07,0.77,0.54,,,,,,,,,,,,,,,
AL,Albania,Data source,Spirits,2.44,2.38,2.36,2.28,2.23,2.14,2.21,2.18,,,,,,,,,,,,,,,
AL,Albania,Data source,Other alcoholic beverages,0.12,0.11,0.11,0.11,0.09,0.08,0,0,,,,,,,,,,,,,,,
DZ,Algeria,Data source,All types,0.48,0.43,0.39,0.43,0.55,0.52,0.39,0.43,,,,,,,,,,,,,,,
DZ,Algeria,Data source,Beer,0.2,0.21,0.17,0.18,0.3,0.24,0.19,0.17,,,,,,,,,,,,,,,
DZ,Algeria,Data source,Wine,0.25,0.2,0.2,0.23,0.24,0.26,0.17,0.25,,,,,,,,,,,,,,,
DZ,Algeria,Data source,Spirits,0.04,0.02,0.03,0.02,0.02,0.02,0.02,0.01,,,,,,,,,,,,,,,
DZ,Algeria,Data source,Other alcoholic beverages,0,0,0,0,0,0,0,0,,,,,,,,,,,,,,,
AD,Andorra,Data source,All types,10.8,10.97,11.53,12.03,11.96,10.8,10.97,11.53,,,,,,,,,,,,,,,
AD,Andorra,Data source,Beer,3.59,3.56,3.7,3.78,3.64,3.59,3.56,3.7,,,,,,,,,,,,,,,
AD,Andorra,Data source,Wine,4.49,4.57,4.89,5.27,5.39,4.49,4.57,4.89,,,,,,,,,,,,,,,
AD,Andorra,Data source,Spirits,2.72,2.84,2.94,2.99,2.94,2.72,2.84,2.94,,,,,,,,,,,,,,,
AD,Andorra,Data source,Other alcoholic beverages,0,0,0,0,0,0,0,0,,,,,,,,,,,,,,,
AO,Angola,Data source,All types,6.89,6.9,6.22,5.44,4.68,3.39,2.88,2.62,,,,,,,,,,,,,,,
AO,Angola,Data source,Beer,4.42,3.64,3.24,3.04,2.66,1.6,1.46,1.45,,,,,,,,,,,,,,,
AO,Angola,Data source,Wine,1.74,2.62,2.4,2.32,1.94,1.58,1.42,1.17,,,,,,,,,,,,,,,
AO,Angola,Data source,Spirits,0.71,0.61,0.57,0.08,0.08,0.2,0,0,,,,,,,,,,,,,,,
AO,Angola,Data source,Other alcoholic beverages,0.03,0.03,0.02,0,0,0,0,0,,,,,,,,,,,,,,,
AG,Antigua and Barbuda,Data source,All types,7.9,8.24,8.19,8.34,8.81,7.27,7.11,7.14,,,,,,,,,,,,,,,
AG,Antigua and Barbuda,Data source,Beer,2.93,2.99,2.95,2.64,2.42,1.97,1.86,1.76,,,,,,,,,,,,,,,
AG,Antigua and Barbuda,Data source,Wine,1.42,1.32,1.34,1.79,2.38,1.43,1.25,1.38,,,,,,,,,,,,,,,
AG,Antigua and Barbuda,Data source,Spirits,3.28,3.61,3.6,3.61,3.58,3.47,3.98,3.99,,,,,,,,,,,,,,,
AG,Antigua and Barbuda,Data source,Other alcoholic beverages,0.27,0.32,0.3,0.3,0.43,0.39,0.02,0.02,,,,,,,,,,,,,,,
AR,Argentina,Data source,All types,8.33,8.41,8.16,7.75,7.53,7.63,7.62,7.81,,,,,,,,,,,,,,,
AR,Argentina,Data source,Beer,3.23,3.16,2.75,2.57,2.42,2.04,2.03,2.08,,,,,,,,,,,,,,,
AR,Argentina,Data source,Wine,4.31,4.45,4.65,4.62,4.57,5.03,5.08,5.28,,,,,,,,,,,,,,,
AR,Argentina,Data source,Spirits,0.4,0.44,0.44,0.3,0.32,0.52,0.46,0.41,,,,,,,,,,,,,,,
AR,Argentina,Data source,Other alcoholic beverages,0.39,0.36,0.32,0.26,0.22,0.04,0.04,0.04,,,,,,,,,,,,,,,
AM,Armenia,Data source,All types,3.97,3.96,4,4.01,4.25,3.81,3.03,2.93,,,,,,,,,,,,,,,
AM,Armenia,Data source,Beer,0.32,0.41,0.38,0.36,0.27,0.22,0.17,0.17,,,,,,,,,,,,,,,
AM,Armenia,Data source,Wine,0.27,0.23,0.23,0.28,0.46,0.43,0.16,0.28,,,,,,,,,,,,,,,
AM,Armenia,Data source,Spirits,3.37,3.32,3.39,3.38,3.51,3.16,2.7,2.48,,,,,,,,,,,,,,,
AM,Armenia,Data source,Other alcoholic beverages,0.01,0,0,0,0,0,0,0,,,,,,,,,,,,,,,
AU,Australia,Data source,All types,10.62,10.76,10.56,10.31,10.3,9.84,9.97,9.84,,,,,,,,,,,,,,,
AU,Australia,Data source,Beer,4.68,4.69,4.63,4.63,4.62,4.57,4.96,4.97,,,,,,,,,,,,,,,
AU,Australia,Data source,Wine,3.78,3.71,3.7,3.53,3.53,3.13,3,3.01,,,,,,,,,,,,,,,
AU,Australia,Data source,Spirits,1.32,1.19,1.15,1.16,1.21,1.2,2.01,1.86,,,,,,,,,,,,,,,
AU,Australia,Data source,Other alcoholic beverages,0.84,1.17,1.08,0.99,0.94,0.94,0,0,,,,,,,,,,,,,,,
AT,Austria,Data source,All types,11.3,12,12.5,12.4,12.4,12.1,12.2,12.5,,,,,,,,,,,,,,,
AT,Austria,Data source,Beer,6.2,6.4,6.4,6.7,6.07,6.7,6.4,6.4,,,,,,,,,,,,,,,
AT,Austria,Data source,Wine,3.4,3.9,4.4,4.2,4.1,3.8,4.1,4.4,,,,,,,,,,,,,,,
AT,Austria,Data source,Spirits,1.7,1.7,1.7,1.5,1.6,1.6,1.7,1.7,,,,,,,,,,,,,,,
AT,Austria,Data source,Other alcoholic beverages,0,0,0,0,0,0,0,0,,,,,,,,,,,,,,,
AZ,Azerbaijan,Data source,All types,1.9,1.15,0.98,0.87,0.74,4.39,4.26,4.68,,,,,,,,,,,,,,,
AZ,Azerbaijan,Data source,Beer,0.27,0.46,0.34,0.3,0.3,1.46,1.11,1.07,,,,,,,,,,,,,,,
AZ,Azerbaijan,Data source,Wine,0.17,0.16,0.13,0.1,0.05,0.06,0.06,0.08,,,,,,,,,,,,,,,
AZ,Azerbaijan,Data source,Spirits,1.45,0.53,0.51,0.47,0.4,2.88,3.09,3.53,,,,,,,,,,,,,,,
AZ,Azerbaijan,Data source,Other alcoholic beverages,0.01,0,0,0,0,0,0,0,,,,,,,,,,,,,,,
BS,Bahamas,Data source,All types,8.63,9.53,10.02,10.29,10.64,9.98,10.68,10.83,,,,,,,,,,,,,,,
BS,Bahamas,Data source,Beer,3.15,3.63,3.84,3.79,3.82,3.73,3.56,3.6,,,,,,,,,,,,,,,
BS,Bahamas,Data source,Wine,1.46,1.57,1.67,1.9,2.13,1.28,1.56,1.46,,,,,,,,,,,,,,,
BS,Bahamas,Data source,Spirits,3.69,3.97,4.12,4.2,4.29,4.54,5.53,5.74,,,,,,,,,,,,,,,
BS,Bahamas,Data source,Other alcoholic beverages,0.33,0.36,0.39,0.4,0.4,0.44,0.03,0.03,,,,,,,,,,,,,,,
BH,Bahrain,Data source,All types,2.1,2.16,2.16,2.2,2.15,2.15,2.14,1.96,,,,,,,,,,,,,,,
BH,Bahrain,Data source,Beer,0.46,0.47,0.49,0.52,0.55,0.55,0.54,0.55,,,,,,,,,,,,,,,
BH,Bahrain,Data source,Wine,0.14,0.13,0.26,0.23,0.19,0.21,0.14,0.18,,,,,,,,,,,,,,,
BH,Bahrain,Data source,Spirits,1.34,1.39,1.24,1.35,1.33,1.38,1.45,1.23,,,,,,,,,,,,,,,
BH,Bahrain,Data source,Other alcoholic beverages,0.16,0.18,0.16,0.1,0.09,0,0,0,,,,,,,,,,,,,,,
BD,Bangladesh,Data source,All types,0.01,0.01,0,0,0,0,0,0,,,,,,,,,,,,,,,
BD,Bangladesh,Data source,Beer,0,0,0,0,0,0,0,0,,,,,,,,,,,,,,,
BD,Bangladesh,Data source,Wine,0,0,0,0,0,0,0,0,,,,,,,,,,,,,,,
BD,Bangladesh,Data source,Spirits,0,0,0,0,0,0,0,0,,,,,,,,,,,,,,,
BD,Bangladesh,Data source,Other alcoholic beverages,0,0,0,0,0,0,0,0,,,,,,,,,,,,,,,
BB,Barbados,Data source,All types,8.55,8.83,8.43,8.6,8.17,7.67,7.61,7.53,,,,,,,,,,,,,,,
BB,Barbados,Data source,Beer,3.18,3.45,3.15,3.29,3.22,2.98,2.89,2.89,,,,,,,,,,,,,,,
BB,Barbados,Data source,Wine,0.93,0.89,1.06,1.12,0.92,0.68,0.72,0.55,,,,,,,,,,,,,,,
BB,Barbados,Data source,Spirits,4.28,4.24,3.97,3.95,3.82,3.8,3.97,4.06,,,,,,,,,,,,,,,
BB,Barbados,Data source,Other alcoholic beverages,0.16,0.25,0.25,0.24,0.21,0.22,0.03,0.03,,,,,,,,,,,,,,,
BY,Belarus,Data source,All types,13.97,14.54,13.86,12.53,11.05,12.08,11.17,12.23,,,,,,,,,,,,,,,
BY,Belarus,Data source,Beer,2.77,2.92,2.72,2.32,1.85,1.33,3.2,2.73,,,,,,,,,,,,,,,
BY,Belarus,Data source,Wine,0.18,0.18,0.16,0.16,0.14,0.22,0.49,0.41,,,,,,,,,,,,,,,
BY,Belarus,Data source,Spirits,6.11,6.31,5.99,5.24,4.15,3.64,3.8,4.75,,,,,,,,,,,,,,,
BY,Belarus,Data source,Other alcoholic beverages,4.91,5.14,4.99,4.82,4.9,6.89,3.68,3.89,,,,,,,,,,,,,,,
BE,Belgium,Data source,All types,10.1,10.51,13.43,10.94,12.21,12.06,11.31,11.33,,,,,,,,,,,,,,,
BE,Belgium,Data source,Beer,4.94,5.04,5.2,5.58,6.03,5.95,6.14,6.09,,,,,,,,,,,,,,,
BE,Belgium,Data source,Wine,3.66,3.83,4.26,4.35,4.2,4.26,4.06,4.26,,,,,,,,,,,,,,,
BE,Belgium,Data source,Spirits,1.45,1.59,3.96,0.99,1.97,1.84,1.07,0.95,,,,,,,,,,,,,,,
BE,Belgium,Data source,Other alcoholic beverages,0.05,0.06,0.02,0.02,0.02,0.02,0.04,0.04,,,,,,,,,,,,,,,
BZ,Belize,Data source,All types,6.45,6.86,6.93,6.22,6.06,6.04,5.53,4.87,,,,,,,,,,,,,,,
BZ,Belize,Data source,Beer,4.36,4.7,4.74,4.01,3.86,3.88,3.6,3.01,,,,,,,,,,,,,,,
BZ,Belize,Data source,Wine,0.17,0.14,0.16,0.12,0.14,0.12,0.15,0.11,,,,,,,,,,,,,,,
BZ,Belize,Data source,Spirits,1.73,1.87,1.91,1.98,2.01,2.03,1.77,1.74,,,,,,,,,,,,,,,
BZ,Belize,Data source,Other alcoholic beverages,0.18,0.15,0.13,0.11,0.05,0.01,0,0,,,,,,,,,,,,,,,
BJ,Benin,Data source,All types,1.21,1.34,1.2,1.26,1.22,1.23,1.44,1.33,,,,,,,,,,,,,,,
BJ,Benin,Data source,Beer,0.62,0.62,0.55,0.53,0.51,0.53,0.7,0.73,,,,,,,,,,,,,,,
BJ,Benin,Data source,Wine,0.2,0.16,0.17,0.17,0.14,0.12,0.12,0.1,,,,,,,,,,,,,,,
BJ,Benin,Data source,Spirits,0.15,0.25,0.1,0.19,0.16,0.15,0.19,0.02,,,,,,,,,,,,,,,
BJ,Benin,Data source,Other alcoholic beverages,0.25,0.31,0.38,0.38,0.41,0.42,0.44,0.47,,,,,,,,,,,,,,,
BT,Bhutan,Data source,All types,0.22,0.3,0.2,0.33,1.1,0.96,0.52,0.29,,,,,,,,,,,,,,,
BT,Bhutan,Data source,Beer,0.17,0.21,0.16,0.29,0.73,0.96,0.49,0.29,,,,,,,,,,,,,,,
BT,Bhutan,Data source,Wine,0.02,0.06,0.02,0.02,0.01,0,0,0,,,,,,,,,,,,,,,
BT,Bhutan,Data source,Spirits,0.03,0.02,0.02,0.02,0.36,0.34,0.03,0,,,,,,,,,,,,,,,
BT,Bhutan,Data source,Other alcoholic beverages,0,0,0,0,0,0,0,0,,,,,,,,,,,,,,,
BO,Bolivia (Plurinational State of),Data source,All types,3.83,3.75,3.47,3.22,2.85,2.65,2.36,2.28,,,,,,,,,,,,,,,
BO,Bolivia (Plurinational State of),Data source,Beer,2.94,2.79,2.55,2.34,2.13,1.99,1.69,1.58,,,,,,,,,,,,,,,
BO,Bolivia (Plurinational State of),Data source,Wine,0.22,0.26,0.24,0.24,0.13,0.1,0.1,0.08,,,,,,,,,,,,,,,
BO,Bolivia (Plurinational State of),Data source,Spirits,0.65,0.69,0.67,0.62,0.58,0.56,0.57,0.61,,,,,,,,,,,,,,,
BO,Bolivia (Plurinational State of),Data source,Other alcoholic beverages,0.02,0.01,0.01,0.01,0.01,0,0,0,,,,,,,,,,,,,,,
BA,Bosnia and Herzegovina,Data source,All types,4.71,5.09,5.11,4.78,4.53,4.22,4.12,3.89,,,,,,,,,,,,,,,
BA,Bosnia and Herzegovina,Data source,Beer,3.5,3.8,3.77,3.57,3.34,3.03,2.87,2.65,,,,,,,,,,,,,,,
BA,Bosnia and Herzegovina,Data source,Wine,0.49,0.54,0.58,0.45,0.41,0.4,0.41,0.38,,,,,,,,,,,,,,,
BA,Bosnia and Herzegovina,Data source,Spirits,0.59,0.62,0.62,0.61,0.64,0.67,0.85,0.87,,,,,,,,,,,,,,,
BA,Bosnia and Herzegovina,Data source,Other alcoholic beverages,0.13,0.14,0.13,0.14,0.13,0.12,0,0,,,,,,,,,,,,,,,
BW,Botswana,Data source,All types,5.3,7.46,6.84,7.13,6.15,4.67,5.38,6.16,,,,,,,,,,,,,,,
BW,Botswana,Data source,Beer,2.25,2.16,2.63,2.65,2.59,2.48,2.51,2.63,,,,,,,,,,,,,,,
BW,Botswana,Data source,Wine,0.7,1.13,1.82,1.42,0.91,0.44,0.45,0.53,,,,,,,,,,,,,,,
BW,Botswana,Data source,Spirits,0.66,2.06,0.49,1.07,1.01,0,0.81,1.21,,,,,,,,,,,,,,,
BW,Botswana,Data source,Other alcoholic beverages,1.69,2.11,1.89,1.99,1.64,1.74,1.61,1.78,,,,,,,,,,,,,,,
BR,Brazil,Data source,All types,7.21,7.09,7.08,7,6.85,6.77,6.88,7.07,,,,,,,,,,,,,,,
BR,Brazil,Data source,Beer,4.08,3.78,3.68,3.51,3.32,3.19,3.15,3.29,,,,,,,,,,,,,,,
BR,Brazil,Data source,Wine,0.39,0.37,0.38,0.41,0.46,0.4,0.4,0.42,,,,,,,,,,,,,,,
BR,Brazil,Data source,Spirits,2.71,2.91,2.99,3.05,3.04,3.15,3.32,3.35,,,,,,,,,,,,,,,
BR,Brazil,Data source,Other alcoholic beverages,0.03,0.03,0.03,0.03,0.03,0.03,0.01,0.01,,,,,,,,,,,,,,,
BN,Brunei Darussalam,Data source,All types,0.25,0.66,0.84,0.66,0.16,0.11,0.12,0.13,,,,,,,,,,,,,,,
BN,Brunei Darussalam,Data source,Beer,0.18,0.59,0.77,0.5,0.09,0.08,0.09,0.09,,,,,,,,,,,,,,,
BN,Brunei Darussalam,Data source,Wine,0.01,0.02,0.02,0.03,0.02,0.02,0.02,0.01,,,,,,,,,,,,,,,
BN,Brunei Darussalam,Data source,Spirits,0.05,0.05,0.06,0.11,0.05,0.01,0.02,0.03,,,,,,,,,,,,,,,
BN,Brunei Darussalam,Data source,Other alcoholic beverages,0,0,0,0.02,0,0,0,0,,,,,,,,,,,,,,,
BG,Bulgaria,Data source,All types,10.96,11.01,10.92,10.42,10.53,10.97,11.19,10.61,,,,,,,,,,,,,,,
BG,Bulgaria,Data source,Beer,4.03,4.41,4.41,3.96,3.56,3.52,3.3,2.98,,,,,,,,,,,,,,,
BG,Bulgaria,Data source,Wine,2.02,1.73,1.7,1.58,1.95,2.09,2.93,2.75,,,,,,,,,,,,,,,
BG,Bulgaria,Data source,Spirits,4.84,4.8,4.73,4.8,4.93,5.29,4.96,4.88,,,,,,,,,,,,,,,
BG,Bulgaria,Data source,Other alcoholic beverages,0.07,0.07,0.07,0.07,0.09,0.06,0,0,,,,,,,,,,,,,,,
BF,Burkina Faso,Data source,All types,4.57,4.47,4.58,4.72,4.91,4.55,4.6,4.52,,,,,,,,,,,,,,,
BF,Burkina Faso,Data source,Beer,0.46,0.46,0.45,0.44,0.44,0.42,0.41,0.41,,,,,,,,,,,,,,,
BF,Burkina Faso,Data source,Wine,0.13,0.09,0.07,0.07,0.09,0.09,0.1,0.07,,,,,,,,,,,,,,,
BF,Burkina Faso,Data source,Spirits,0.14,0.13,0.2,0.5,0.43,0.17,0.21,0.27,,,,,,,,,,,,,,,
BF,Burkina Faso,Data source,Other alcoholic beverages,3.84,3.8,3.86,3.7,3.94,3.87,3.87,3.76,,,,,,,,,,,,,,,
BI,Burundi,Data source,All types,4.05,4.33,4.54,4.5,5.54,5.81,5.94,6.08,,,,,,,,,,,,,,,
BI,Burundi,Data source,Beer,1.37,1.4,1.42,1.4,1.19,1.17,1.11,1,,,,,,,,,,,,,,,
BI,Burundi,Data source,Wine,0,0,0,0,0.01,0.01,0,0.01,,,,,,,,,,,,,,,
BI,Burundi,Data source,Spirits,0,0,0.01,0.01,0,0,0,0,,,,,,,,,,,,,,,
BI,Burundi,Data source,Other alcoholic beverages,2.68,2.93,3.11,3.1,4.34,4.63,4.82,5.08,,,,,,,,,,,,,,,
BI,Cabo Verde,Data source,All types,4.45,4.18,5.32,4.3,4.38,4.31,4.3,3.94,,,,,,,,,,,,,,,
BI,Cabo Verde,Data source,Beer,2.21,1.98,2.05,1.95,2.28,1.97,2.4,2.16,,,,,,,,,,,,,,,
BI,Cabo Verde,Data source,Wine,1.76,1.89,2.53,1.88,1.96,1.81,1.42,1.5,,,,,,,,,,,,,,,
BI,Cabo Verde,Data source,Spirits,0.48,0.31,0.74,0.47,0.14,0.53,0.46,0.27,,,,,,,,,,,,,,,
BI,Cabo Verde,Data source,Other alcoholic beverages,0,0,0,0,0,0,0.01,0.01,,,,,,,,,,,,,,,
KH,Cambodia,Data source,All types,1.41,1.34,1.28,1.17,1.1,0.9,0.83,0.74,,,,,,,,,,,,,,,
KH,Cambodia,Data source,Beer,1.04,0.98,0.93,0.83,0.77,0.58,0.53,0.48,,,,,,,,,,,,,,,
KH,Cambodia,Data source,Wine,0,0,0,0,0,0,0,0,,,,,,,,,,,,,,,
KH,Cambodia,Data source,Spirits,0.36,0.36,0.35,0.34,0.33,0.32,0.3,0.26,,,,,,,,,,,,,,,
KH,Cambodia,Data source,Other alcoholic beverages,0,0,0,0,0,0,0,0,,,,,,,,,,,,,,,
CM,Cameroon,Data source,All types,6.08,5.57,5.33,5.26,5.2,5.32,5.29,5.2,,,,,,,,,,,,,,,
CM,Cameroon,Data source,Beer,2.71,2.3,2.11,2.08,2.1,2.42,2.36,2.36,,,,,,,,,,,,,,,
CM,Cameroon,Data source,Wine,0.08,0.07,0.07,0.08,0.08,0.08,0.08,0.08,,,,,,,,,,,,,,,
CM,Cameroon,Data source,Spirits,0,0,0,0,0.02,0.07,0.06,0.04,,,,,,,,,,,,,,,
CM,Cameroon,Data source,Other alcoholic beverages,3.28,3.19,3.14,3.1,3,2.76,2.78,2.73,,,,,,,,,,,,,,,
CA,Canada,Data source,All types,8.4,8.3,8.3,8.2,8,7.8,7.8,7.7,,,,,,,,,,,,,,,
CA,Canada,Data source,Beer,4.2,4.2,4.2,4.2,4.2,4.2,4.2,4.2,,,,,,,,,,,,,,,
CA,Canada,Data source,Wine,1.9,1.8,1.8,1.7,1.6,1.5,1.5,1.4,,,,,,,,,,,,,,,
CA,Canada,Data source,Spirits,2.1,2.1,2.1,2.1,2,2.1,2.1,2.1,,,,,,,,,,,,,,,
CA,Canada,Data source,Other alcoholic beverages,0.2,0.2,0.2,0.2,0.2,0,0,0,,,,,,,,,,,,,,,
CF,Central African Republic,Data source,All types,1.62,1.71,1.68,1.63,1.66,1.61,1.62,1.62,,,,,,,,,,,,,,,
CF,Central African Republic,Data source,Beer,0.3,0.31,0.28,0.26,0.22,0.25,0.27,0.3,,,,,,,,,,,,,,,
CF,Central African Republic,Data source,Wine,0.01,0.01,0.01,0.01,0.08,0.01,0.01,0.02,,,,,,,,,,,,,,,
CF,Central African Republic,Data source,Spirits,0.04,0.02,0.03,0.04,0.03,0.03,0.04,0.02,,,,,,,,,,,,,,,
CF,Central African Republic,Data source,Other alcoholic beverages,1.28,1.37,1.36,1.33,1.33,1.32,1.3,1.28,,,,,,,,,,,,,,,
TD,Chad,Data source,All types,0.5,0.49,0.45,0.44,0.43,0.35,0.43,0.36,,,,,,,,,,,,,,,
TD,Chad,Data source,Beer,0.3,0.29,0.26,0.23,0.24,0.23,0.24,0.22,,,,,,,,,,,,,,,
TD,Chad,Data source,Wine,0.02,0.02,0.01,0,0,0.01,0,0,,,,,,,,,,,,,,,
TD,Chad,Data source,Spirits,0.02,0.02,0.02,0.02,0.02,0.03,0.03,0.03,,,,,,,,,,,,,,,
TD,Chad,Data source,Other alcoholic beverages,0.16,0.16,0.16,0.19,0.16,0.08,0.15,0.11,,,,,,,,,,,,,,,
CL,Chile,Data source,All types,7.67,7.31,7.39,7.33,7.57,6.98,7.25,6.88,,,,,,,,,,,,,,,
CL,Chile,Data source,Beer,2.32,2.43,2.34,2.26,2.01,1.84,1.81,1.76,,,,,,,,,,,,,,,
CL,Chile,Data source,Wine,2.85,2.17,2.83,2.22,2.59,3.36,3.46,3.2,,,,,,,,,,,,,,,
CL,Chile,Data source,Spirits,2.5,2.71,2.22,2.85,2.97,1.6,1.97,1.91,,,,,,,,,,,,,,,
CL,Chile,Data source,Other alcoholic beverages,0,0,0,0,0,0.19,0.01,0.01,,,,,,,,,,,,,,,
CN,China,Data source,All types,4.88,4.27,3.88,3.28,2.92,3.05,2.98,2.98,,,,,,,,,,,,,,,
CN,China,Data source,Beer,1.59,1.5,1.43,1.3,1.18,1.12,1.02,0.98,,,,,,,,,,,,,,,
CN,China,Data source,Wine,0.1,0.08,0.08,0.06,0.05,0.18,0.18,0.19,,,,,,,,,,,,,,,
CN,China,Data source,Spirits,3.25,2.64,2.31,1.88,1.67,1.75,1.78,1.81,,,,,,,,,,,,,,,
CN,China,Data source,Other alcoholic beverages,0,0,0,0,0,0,0,0,,,,,,,,,,,,,,,
CO,Colombia,Data source,All types,4.26,4.36,4.56,4.44,4.27,4.16,4.15,4.33,,,,,,,,,,,,,,,
CO,Colombia,Data source,Beer,2.88,2.99,3.1,2.95,2.76,2.58,2.58,2.65,,,,,,,,,,,,,,,
CO,Colombia,Data source,Wine,0.07,0.07,0.07,0.07,0.05,0.05,0.05,0.05,,,,,,,,,,,,,,,
CO,Colombia,Data source,Spirits,1.3,1.29,1.37,1.41,1.43,1.5,1.5,1.6,,,,,,,,,,,,,,,
CO,Colombia,Data source,Other alcoholic beverages,0.02,0.02,0.02,0.02,0.02,0.03,0.02,0.03,,,,,,,,,,,,,,,
KM,Comoros,Data source,All types,0.17,0.12,0.16,0.25,0.24,0.35,0.33,0.1,,,,,,,,,,,,,,,
KM,Comoros,Data source,Beer,0.04,0.04,0.05,0.13,0.15,0.17,0.15,0.02,,,,,,,,,,,,,,,
KM,Comoros,Data source,Wine,0.02,0.02,0.04,0.02,0.02,0.07,0.06,0.03,,,,,,,,,,,,,,,
KM,Comoros,Data source,Spirits,0.1,0.06,0.07,0.09,0.06,0.11,0.12,0.05,,,,,,,,,,,,,,,
KM,Comoros,Data source,Other alcoholic beverages,0,0,0,0,0,0,0,0,,,,,,,,,,,,,,,
KM,Congo,Data source,All types,3.5,3.25,3.13,2.84,2.42,2.57,2.44,2.56,,,,,,,,,,,,,,,
KM,Congo,Data source,Beer,3.09,2.79,2.62,2.24,1.83,1.7,1.71,1.75,,,,,,,,,,,,,,,
KM,Congo,Data source,Wine,0.01,0.01,0.18,0.21,0.18,0.33,0.21,0.28,,,,,,,,,,,,,,,
KM,Congo,Data source,Spirits,0.39,0.43,0.31,0.38,0.41,0.54,0.52,0.53,,,,,,,,,,,,,,,
KM,Congo,Data source,Other alcoholic beverages,0.02,0.02,0.02,0.01,0,0,0,0,,,,,,,,,,,,,,,
CK,Cook Islands,Data source,All types,9.89,9.18,9.59,7.32,7.9,8.27,8.71,1.29,,,,,,,,,,,,,,,
CK,Cook Islands,Data source,Beer,3.1,2.4,2.99,2.7,2.81,3.14,2.53,0.57,,,,,,,,,,,,,,,
CK,Cook Islands,Data source,Wine,2.3,2.29,2.91,2.02,2.6,2.41,2.27,0.39,,,,,,,,,,,,,,,
CK,Cook Islands,Data source,Spirits,4.48,4.49,3.69,2.6,2.49,2.71,3.91,0.34,,,,,,,,,,,,,,,
CK,Cook Islands,Data source,Other alcoholic beverages,0,0,0,0,0,0,0,0,,,,,,,,,,,,,,,
CR,Costa Rica,Data source,All types,4.15,4.3,4.26,4.2,4.14,4.12,4.05,4.17,,,,,,,,,,,,,,,
CR,Costa Rica,Data source,Beer,2.48,2.5,2.44,2.35,2.3,2.24,2.25,2.23,,,,,,,,,,,,,,,
CR,Costa Rica,Data source,Wine,0.18,0.2,0.2,0.17,0.17,0.14,0.13,0.12,,,,,,,,,,,,,,,
CR,Costa Rica,Data source,Spirits,1.45,1.55,1.58,1.64,1.63,1.7,1.67,1.81,,,,,,,,,,,,,,,
CR,Costa Rica,Data source,Other alcoholic beverages,0.04,0.04,0.05,0.04,0.04,0.04,0,0,,,,,,,,,,,,,,,
BI,CÃ´te d'Ivoire,Data source,All types,4.24,4.18,3.69,3.88,4.69,4.48,4.69,4.59,,,,,,,,,,,,,,,
BI,CÃ´te d'Ivoire,Data source,Beer,0.62,0.64,0.66,0.61,0.66,0.62,0.63,0.51,,,,,,,,,,,,,,,
BI,CÃ´te d'Ivoire,Data source,Wine,0.25,0.12,0.15,0.21,0.24,0.34,0.34,0.35,,,,,,,,,,,,,,,
BI,CÃ´te d'Ivoire,Data source,Spirits,0.02,0.02,0.01,0.02,0.05,0.04,0.04,0.04,,,,,,,,,,,,,,,
BI,CÃ´te d'Ivoire,Data source,Other alcoholic beverages,3.35,3.4,2.88,3.04,3.74,3.48,3.67,3.69,,,,,,,,,,,,,,,
HR,Croatia,Data source,All types,12.07,12.3,12.28,11.84,11.58,13.12,13.8,14.83,,,,,,,,,,,,,,,
HR,Croatia,Data source,Beer,4.76,5.03,5.13,4.98,4.85,4.94,5.14,5.03,,,,,,,,,,,,,,,
HR,Croatia,Data source,Wine,5.66,5.62,5.5,5.2,5.08,6.5,6.81,7.95,,,,,,,,,,,,,,,
HR,Croatia,Data source,Spirits,1.24,1.25,1.24,1.27,1.27,1.31,1.83,1.81,,,,,,,,,,,,,,,
HR,Croatia,Data source,Other alcoholic beverages,0.42,0.42,0.41,0.39,0.38,0.38,0.03,0.03,,,,,,,,,,,,,,,
CU,Cuba,Data source,All types,4.04,4.28,4.13,4.19,4.49,4.4,4.41,4.12,,,,,,,,,,,,,,,
CU,Cuba,Data source,Beer,1.59,1.66,1.61,1.57,1.48,1.53,1.51,1.32,,,,,,,,,,,,,,,
CU,Cuba,Data source,Wine,0.09,0.08,0.06,0.07,0.05,0.05,0.05,0.05,,,,,,,,,,,,,,,
CU,Cuba,Data source,Spirits,2.33,2.53,2.44,2.53,2.93,2.8,2.85,2.76,,,,,,,,,,,,,,,
CU,Cuba,Data source,Other alcoholic beverages,0.02,0.02,0.02,0.02,0.02,0.02,0,0,,,,,,,,,,,,,,,
CY,Cyprus,Data source,All types,10.81,12.03,11.58,11.48,11.41,13.03,10.62,11.68,,,,,,,,,,,,,,,
CY,Cyprus,Data source,Beer,3.69,3.9,3.71,3.58,3.62,3.6,3.56,3.5,,,,,,,,,,,,,,,
CY,Cyprus,Data source,Wine,2.6,2.97,2.92,2.92,2.79,2.64,2.5,2.7,,,,,,,,,,,,,,,
CY,Cyprus,Data source,Spirits,4.52,5.17,4.95,4.97,5,6.79,4.55,5.47,,,,,,,,,,,,,,,
CY,Cyprus,Data source,Other alcoholic beverages,0,0,0,0,0,0,0,0,,,,,,,,,,,,,,,
CZ,Czechia,Data source,All types,13.31,13.35,13.35,13.12,13.26,13.31,13.88,13.72,,,,,,,,,,,,,,,
CZ,Czechia,Data source,Beer,7,7.15,7.03,7.03,7.39,7.55,7.63,7.57,,,,,,,,,,,,,,,
CZ,Czechia,Data source,Wine,2.45,2.45,2.46,2.34,2.23,2.23,2.24,2.25,,,,,,,,,,,,,,,
CZ,Czechia,Data source,Spirits,3.86,3.74,3.86,3.75,3.64,3.53,4.01,3.9,,,,,,,,,,,,,,,
CZ,Czechia,Data source,Other alcoholic beverages,0,0,0,0,0,0,0,0,,,,,,,,,,,,,,,
CZ,Democratic People's Republic of Korea,Data source,All types,3.35,3.16,3.13,3.28,3.2,3.13,3.13,3.09,,,,,,,,,,,,,,,
CZ,Democratic People's Republic of Korea,Data source,Beer,0.15,0.14,0.18,0.19,0.19,0.19,0.21,0.2,,,,,,,,,,,,,,,
CZ,Democratic People's Republic of Korea,Data source,Wine,0,0,0,0,0,0,0,0,,,,,,,,,,,,,,,
CZ,Democratic People's Republic of Korea,Data source,Spirits,3.2,3.02,2.95,3.09,3.01,2.94,2.92,2.89,,,,,,,,,,,,,,,
CZ,Democratic People's Republic of Korea,Data source,Other alcoholic beverages,0,0,0,0,0,0,0,0,,,,,,,,,,,,,,,
CZ,Democratic Republic of the Congo,Data source,All types,1.17,1.26,1.08,0.77,0.7,0.62,0.48,0.52,,,,,,,,,,,,,,,
CZ,Democratic Republic of the Congo,Data source,Beer,0.54,0.53,0.48,0.41,0.33,0.31,0.27,0.27,,,,,,,,,,,,,,,
CZ,Democratic Republic of the Congo,Data source,Wine,0.23,0.18,0.23,0.02,0.01,0.01,0.01,0,,,,,,,,,,,,,,,
CZ,Democratic Republic of the Congo,Data source,Spirits,0.02,0.07,0.03,0.04,0.03,0.03,0.01,0.01,,,,,,,,,,,,,,,
CZ,Democratic Republic of the Congo,Data source,Other alcoholic beverages,0.38,0.49,0.34,0.31,0.33,0.27,0.19,0.24,,,,,,,,,,,,,,,
DK,Denmark,Data source,All types,10.09,10.71,11,11.02,11.27,11.27,11.54,11.33,,,,,,,,,,,,,,,
DK,Denmark,Data source,Beer,4.13,4.51,4.77,4.92,5.05,5.11,5.47,5.48,,,,,,,,,,,,,,,
DK,Denmark,Data source,Wine,4.38,4.47,4.42,4.34,4.44,4.32,4.47,4.43,,,,,,,,,,,,,,,
DK,Denmark,Data source,Spirits,1.52,1.66,1.74,1.69,1.78,1.85,1.6,1.42,,,,,,,,,,,,,,,
DK,Denmark,Data source,Other alcoholic beverages,0.05,0.06,0.07,0.07,0,0,0,0,,,,,,,,,,,,,,,
DJ,Djibouti,Data source,All types,0.49,0.45,0.46,1.02,1.23,1.18,1.02,1.03,,,,,,,,,,,,,,,
DJ,Djibouti,Data source,Beer,0.21,0.17,0.18,0.2,0.21,0.24,0.24,0.3,,,,,,,,,,,,,,,
DJ,Djibouti,Data source,Wine,0.07,0.06,0.06,0.04,0.08,0.07,0.08,0.07,,,,,,,,,,,,,,,
DJ,Djibouti,Data source,Spirits,0.21,0.21,0.22,0.75,0.94,0.87,0.7,0.66,,,,,,,,,,,,,,,
DJ,Djibouti,Data source,Other alcoholic beverages,0,0.01,0.01,0.03,0,0,0,0,,,,,,,,,,,,,,,
DM,Dominica,Data source,All types,7.45,9.74,8.51,8.62,8.12,8.42,7.15,8.36,,,,,,,,,,,,,,,
DM,Dominica,Data source,Beer,0.43,0.98,0.83,0.77,0.5,0.85,0.3,0.82,,,,,,,,,,,,,,,
DM,Dominica,Data source,Wine,0.63,1.36,1.13,0.71,0.86,0.76,0.81,0.99,,,,,,,,,,,,,,,
DM,Dominica,Data source,Spirits,6.35,7.38,6.53,7.11,6.69,6.79,6.03,6.51,,,,,,,,,,,,,,,
DM,Dominica,Data source,Other alcoholic beverages,0.05,0.03,0.02,0.03,0.07,0.01,0.01,0.03,,,,,,,,,,,,,,,
DO,Dominican Republic,Data source,All types,6.15,6.21,6.14,6.3,5.79,5.23,6.4,6.51,,,,,,,,,,,,,,,
DO,Dominican Republic,Data source,Beer,3.24,3.08,2.92,3.38,2.75,2.06,2.65,2.72,,,,,,,,,,,,,,,
DO,Dominican Republic,Data source,Wine,0.15,0.15,0.16,0.15,0.13,0.13,0.16,0.14,,,,,,,,,,,,,,,
DO,Dominican Republic,Data source,Spirits,2.68,2.91,3,2.7,2.85,2.98,3.59,3.64,,,,,,,,,,,,,,,
DO,Dominican Republic,Data source,Other alcoholic beverages,0.07,0.06,0.06,0.06,0.06,0.05,0,0,,,,,,,,,,,,,,,
EC,Ecuador,Data source,All types,3.88,3.77,3.64,3.54,3.56,3.66,3.7,3.87,,,,,,,,,,,,,,,
EC,Ecuador,Data source,Beer,2.62,2.4,2.17,2.1,1.92,1.82,1.76,1.64,,,,,,,,,,,,,,,
EC,Ecuador,Data source,Wine,0.04,0.04,0.07,0.05,0.04,0.05,0.05,0.04,,,,,,,,,,,,,,,
EC,Ecuador,Data source,Spirits,1.19,1.32,1.4,1.37,1.58,1.77,1.89,2.19,,,,,,,,,,,,,,,
EC,Ecuador,Data source,Other alcoholic beverages,0.02,0.02,0.01,0.01,0.01,0.01,0,0,,,,,,,,,,,,,,,
EG,Egypt,Data source,All types,0.2,0.23,0.2,0.18,0.16,0.16,0.15,0.15,,,,,,,,,,,,,,,
EG,Egypt,Data source,Beer,0.11,0.11,0.11,0.1,0.09,0.08,0.07,0.07,,,,,,,,,,,,,,,
EG,Egypt,Data source,Wine,0.04,0.05,0.04,0.02,0.02,0.02,0.02,0.02,,,,,,,,,,,,,,,
EG,Egypt,Data source,Spirits,0.05,0.06,0.06,0.05,0.05,0.05,0.06,0.06,,,,,,,,,,,,,,,
EG,Egypt,Data source,Other alcoholic beverages,0,0,0,0,0,0,0,0,,,,,,,,,,,,,,,
SV,El Salvador,Data source,All types,2.48,2.59,2.73,2.66,2.67,2.78,2.98,2.85,,,,,,,,,,,,,,,
SV,El Salvador,Data source,Beer,0.92,0.96,1,0.97,0.91,1.03,1.02,1.03,,,,,,,,,,,,,,,
SV,El Salvador,Data source,Wine,0.03,0.03,0.03,0.03,0.03,0.03,0.09,0.02,,,,,,,,,,,,,,,
SV,El Salvador,Data source,Spirits,1.53,1.6,1.69,1.66,1.74,1.72,1.87,1.79,,,,,,,,,,,,,,,
SV,El Salvador,Data source,Other alcoholic beverages,0,0,0,0,0,0,0,0,,,,,,,,,,,,,,,
GQ,Equatorial Guinea,Data source,All types,7.89,8.28,6.81,7.23,7.15,7.72,7.14,6.03,,,,,,,,,,,,,,,
GQ,Equatorial Guinea,Data source,Beer,4.02,3.92,3.14,3.32,3.06,2.44,2.13,1.21,,,,,,,,,,,,,,,
GQ,Equatorial Guinea,Data source,Wine,3.86,4.36,3.67,3.91,4.1,5.28,5.01,4.82,,,,,,,,,,,,,,,
GQ,Equatorial Guinea,Data source,Spirits,0,0,0,0,0,0,0,0,,,,,,,,,,,,,,,
GQ,Equatorial Guinea,Data source,Other alcoholic beverages,0,0,0,0,0,0,0,0,,,,,,,,,,,,,,,
ER,Eritrea,Data source,All types,0.47,0.17,1.23,0.97,1.07,0.71,0.61,0.9,,,,,,,,,,,,,,,
ER,Eritrea,Data source,Beer,0.25,0,0.38,0.5,0.62,0.59,0.45,0.47,,,,,,,,,,,,,,,
ER,Eritrea,Data source,Wine,0,0,0,0,0,0,0,0,,,,,,,,,,,,,,,
ER,Eritrea,Data source,Spirits,0,0,0,0,0.02,0.02,0.02,0.03,,,,,,,,,,,,,,,
ER,Eritrea,Data source,Other alcoholic beverages,0.22,0.16,0.85,0.46,0.44,0.1,0.14,0.4,,,,,,,,,,,,,,,
EE,Estonia,Data source,All types,14.32,16.38,17.37,15.83,14.7,13.23,11.55,10.36,,,,,,,,,,,,,,,
EE,Estonia,Data source,Beer,4.69,5.05,5.3,5.16,5.05,5.29,4.59,4.63,,,,,,,,,,,,,,,
EE,Estonia,Data source,Wine,1.06,1.3,1.39,1.45,1.42,0.64,0.37,0.36,,,,,,,,,,,,,,,
EE,Estonia,Data source,Spirits,7.2,8.2,9.28,7.95,6.99,6.61,6.11,5.05,,,,,,,,,,,,,,,
EE,Estonia,Data source,Other alcoholic beverages,1.37,1.83,1.4,1.27,1.24,0.69,0.49,0.32,,,,,,,,,,,,,,,
EE,Eswatini,Data source,All types,5.63,5.62,6.32,6.24,5.03,5.93,5.76,5.64,,,,,,,,,,,,,,,
EE,Eswatini,Data source,Beer,1.52,1.44,1.54,1.61,1.69,1.62,1.63,1.57,,,,,,,,,,,,,,,
EE,Eswatini,Data source,Wine,0.04,0.02,0.04,0.01,0.02,0.02,0.05,0.16,,,,,,,,,,,,,,,
EE,Eswatini,Data source,Spirits,0.03,0.02,0.41,0.5,0.16,0.94,0.44,0.03,,,,,,,,,,,,,,,
EE,Eswatini,Data source,Other alcoholic beverages,4.04,4.13,4.33,4.12,3.17,3.34,3.64,3.88,,,,,,,,,,,,,,,
ET,Ethiopia,Data source,All types,0.77,0.44,0.75,0.83,0.65,0.56,0.52,0.52,,,,,,,,,,,,,,,
ET,Ethiopia,Data source,Beer,0.32,0.34,0.36,0.34,0.25,0.22,0.19,0.2,,,,,,,,,,,,,,,
ET,Ethiopia,Data source,Wine,0.01,0,0.01,0.01,0.01,0.01,0.01,0.01,,,,,,,,,,,,,,,
ET,Ethiopia,Data source,Spirits,0.06,0.06,0.07,0.07,0.05,0.04,0.04,0.04,,,,,,,,,,,,,,,
ET,Ethiopia,Data source,Other alcoholic beverages,0.39,0.04,0.32,0.41,0.34,0.29,0.28,0.28,,,,,,,,,,,,,,,
FJ,Fiji,Data source,All types,2.32,1.96,2.1,2.07,2.02,1.63,1.76,1.85,,,,,,,,,,,,,,,
FJ,Fiji,Data source,Beer,1.35,1.36,1.37,1.38,1.42,1.44,1.47,1.67,,,,,,,,,,,,,,,
FJ,Fiji,Data source,Wine,0.02,0.02,0.02,0.02,0.02,0.02,0.01,0.02,,,,,,,,,,,,,,,
FJ,Fiji,Data source,Spirits,0.95,0.58,0.72,0.67,0.58,0.16,0.28,0.16,,,,,,,,,,,,,,,
FJ,Fiji,Data source,Other alcoholic beverages,0,0,0,0,0,0.01,0,0,,,,,,,,,,,,,,,
FI,Finland,Data source,All types,9.96,10.26,10.45,10.15,9.95,9.89,9.31,9.25,,,,,,,,,,,,,,,
FI,Finland,Data source,Beer,4.54,4.62,4.7,4.57,4.59,4.57,4.37,4.43,,,,,,,,,,,,,,,
FI,Finland,Data source,Wine,1.68,1.67,1.64,1.55,1.47,1.42,1.43,1.31,,,,,,,,,,,,,,,
FI,Finland,Data source,Spirits,2.49,2.69,2.86,2.86,2.82,2.79,2.38,2.37,,,,,,,,,,,,,,,
FI,Finland,Data source,Other alcoholic beverages,1.25,1.28,1.25,1.17,1.08,1.11,1.13,1.14,,,,,,,,,,,,,,,
FR,France,Data source,All types,12.3,12.3,12.6,12.4,12.6,13.18,13.49,13.78,,,,,,,,,,,,,,,
FR,France,Data source,Beer,2.2,2.2,2.3,2.4,2.3,2.24,2.29,2.25,,,,,,,,,,,,,,,
FR,France,Data source,Wine,7.1,7,7.3,7.1,7.4,8.1,8.36,8.59,,,,,,,,,,,,,,,
FR,France,Data source,Spirits,2.7,2.8,2.7,2.7,2.6,2.67,2.65,2.74,,,,,,,,,,,,,,,
FR,France,Data source,Other alcoholic beverages,0.3,0.3,0.3,0.2,0.3,0.17,0.19,0.2,,,,,,,,,,,,,,,
GA,Gabon,Data source,All types,8.61,8.73,8.99,7.98,7.68,8.1,6.45,8.3,,,,,,,,,,,,,,,
GA,Gabon,Data source,Beer,6.06,6.23,5.8,5.53,5.31,4.85,4.85,5.35,,,,,,,,,,,,,,,
GA,Gabon,Data source,Wine,0.93,0.93,1.15,0.97,0.84,0.99,0.84,1.27,,,,,,,,,,,,,,,
GA,Gabon,Data source,Spirits,1.56,1.52,1.99,1.46,1.51,2.23,0.77,1.68,,,,,,,,,,,,,,,
GA,Gabon,Data source,Other alcoholic beverages,0.05,0.04,0.05,0.02,0.02,0.03,0,0,,,,,,,,,,,,,,,
GM,Gambia,Data source,All types,3.05,2.98,3.18,3.24,3.3,3.55,3.63,3.37,,,,,,,,,,,,,,,
GM,Gambia,Data source,Beer,0.17,0.18,0.24,0.24,0.23,0.24,0.23,0.2,,,,,,,,,,,,,,,
GM,Gambia,Data source,Wine,0.03,0.04,0.05,0.03,0.05,0.05,0.04,0.05,,,,,,,,,,,,,,,
GM,Gambia,Data source,Spirits,0.01,0.01,0.05,0.04,0,0,0,0,,,,,,,,,,,,,,,
GM,Gambia,Data source,Other alcoholic beverages,2.85,2.76,2.85,2.94,3.03,3.26,3.37,3.12,,,,,,,,,,,,,,,
GE,Georgia,Data source,All types,6.88,8.05,7.64,6.29,4.7,3.74,3.36,3.02,,,,,,,,,,,,,,,
GE,Georgia,Data source,Beer,0.89,1.17,1.08,0.87,0.78,0.59,0.56,0.5,,,,,,,,,,,,,,,
GE,Georgia,Data source,Wine,3.95,4.81,4.49,3.49,2.01,1.28,1.27,1.42,,,,,,,,,,,,,,,
GE,Georgia,Data source,Spirits,2.04,2.07,2.06,1.93,1.91,1.87,1.53,1.1,,,,,,,,,,,,,,,
GE,Georgia,Data source,Other alcoholic beverages,0,0,0,0,0,0,0,0,,,,,,,,,,,,,,,
DE,Germany,Data source,All types,11.61,11.75,11.89,12.14,12.04,11.83,11.92,12.25,,,,,,,,,,,,,,,
DE,Germany,Data source,Beer,6.34,6.35,6.48,6.73,6.62,6.29,6.43,6.67,,,,,,,,,,,,,,,
DE,Germany,Data source,Wine,3.11,3.24,3.24,3.13,3.13,3.06,3.14,3.14,,,,,,,,,,,,,,,
DE,Germany,Data source,Spirits,2.15,2.16,2.16,2.28,2.29,2.48,2.35,2.44,,,,,,,,,,,,,,,
DE,Germany,Data source,Other alcoholic beverages,0,0,0,0,0,0,0,0,,,,,,,,,,,,,,,
GH,Ghana,Data source,All types,1.92,2.18,1.39,1.96,1.81,1.79,1.91,1.95,,,,,,,,,,,,,,,
GH,Ghana,Data source,Beer,0.47,0.49,0.48,0.49,0.43,0.42,0.39,0.4,,,,,,,,,,,,,,,
GH,Ghana,Data source,Wine,0.12,0.15,0.14,0.11,0.08,0.08,0.07,0.05,,,,,,,,,,,,,,,
GH,Ghana,Data source,Spirits,0.06,0.11,0.09,0.07,0.03,0.06,0.07,0.21,,,,,,,,,,,,,,,
GH,Ghana,Data source,Other alcoholic beverages,1.27,1.44,0.69,1.29,1.27,1.22,1.38,1.29,,,,,,,,,,,,,,,
GR,Greece,Data source,All types,9.07,9.52,9.7,9.47,10.03,9.6,9.49,8.67,,,,,,,,,,,,,,,
GR,Greece,Data source,Beer,2.27,2.4,2.38,2.27,2.22,2.22,2.25,2.38,,,,,,,,,,,,,,,
GR,Greece,Data source,Wine,4.46,4.72,4.88,4.75,5.35,4.91,4.58,3.69,,,,,,,,,,,,,,,
GR,Greece,Data source,Spirits,2.18,2.22,2.26,2.27,2.27,2.26,2.63,2.57,,,,,,,,,,,,,,,
GR,Greece,Data source,Other alcoholic beverages,0.16,0.17,0.17,0.18,0.2,0.21,0.03,0.03,,,,,,,,,,,,,,,
GD,Grenada,Data source,All types,8.42,8.92,9.04,9.05,8.79,8.38,9.76,10.75,,,,,,,,,,,,,,,
GD,Grenada,Data source,Beer,3.54,3.86,4,4.15,3.87,3.62,3.74,3.47,,,,,,,,,,,,,,,
GD,Grenada,Data source,Wine,0.48,0.49,0.46,0.31,0.39,0.27,0.41,0.32,,,,,,,,,,,,,,,
GD,Grenada,Data source,Spirits,4.12,4.26,4.34,4.39,4.36,4.38,5.61,6.93,,,,,,,,,,,,,,,
GD,Grenada,Data source,Other alcoholic beverages,0.27,0.31,0.24,0.2,0.17,0.1,0.01,0.02,,,,,,,,,,,,,,,
GT,Guatemala,Data source,All types,2,2.06,2.24,2.22,2.2,2.25,2.29,2.26,,,,,,,,,,,,,,,
GT,Guatemala,Data source,Beer,0.8,0.88,1.03,1.05,1.05,1.1,1.04,0.93,,,,,,,,,,,,,,,
GT,Guatemala,Data source,Wine,0.03,0.03,0.03,0.03,0.03,0.03,0.03,0.03,,,,,,,,,,,,,,,
GT,Guatemala,Data source,Spirits,1.17,1.15,1.17,1.14,1.11,1.11,1.22,1.29,,,,,,,,,,,,,,,
GT,Guatemala,Data source,Other alcoholic beverages,0,0,0,0,0,0,0,0,,,,,,,,,,,,,,,
GN,Guinea,Data source,All types,0.18,0.2,0.19,0.16,0.2,0.34,0.18,0.2,,,,,,,,,,,,,,,
GN,Guinea,Data source,Beer,0.15,0.17,0.15,0.12,0.16,0.16,0.16,0.16,,,,,,,,,,,,,,,
GN,Guinea,Data source,Wine,0.02,0.03,0.02,0.01,0.02,0.02,0.02,0.04,,,,,,,,,,,,,,,
GN,Guinea,Data source,Spirits,0.01,0.01,0.01,0.01,0.03,0.16,0,0,,,,,,,,,,,,,,,
GN,Guinea,Data source,Other alcoholic beverages,0,0,0.01,0,0,0,0,0,,,,,,,,,,,,,,,
GW,Guinea-Bissau,Data source,All types,2.73,2.84,3.03,3.26,3.46,3.32,2.86,2.43,,,,,,,,,,,,,,,
GW,Guinea-Bissau,Data source,Beer,0.45,0.3,0.36,0.37,0.36,0.43,0.38,0.32,,,,,,,,,,,,,,,
GW,Guinea-Bissau,Data source,Wine,0.53,0.54,0.59,0.41,0.6,0.51,0.54,0.63,,,,,,,,,,,,,,,
GW,Guinea-Bissau,Data source,Spirits,0.51,0.52,0.49,0.5,0.48,0.49,0.5,0.51,,,,,,,,,,,,,,,
GW,Guinea-Bissau,Data source,Other alcoholic beverages,1.24,1.49,1.59,1.97,2.02,1.89,1.44,0.96,,,,,,,,,,,,,,,
GY,Guyana,Data source,All types,5.08,5.02,5.09,4.99,5.22,8.06,8.11,7.85,,,,,,,,,,,,,,,
GY,Guyana,Data source,Beer,1.63,1.55,1.52,1.48,1.37,1.37,1.43,1.69,,,,,,,,,,,,,,,
GY,Guyana,Data source,Wine,0.02,0.02,0.09,0.01,0.01,0.02,0.02,0.02,,,,,,,,,,,,,,,
GY,Guyana,Data source,Spirits,3.4,3.41,3.45,3.46,3.8,6.64,6.67,6.14,,,,,,,,,,,,,,,
GY,Guyana,Data source,Other alcoholic beverages,0.03,0.03,0.03,0.03,0.03,0.03,0,0,,,,,,,,,,,,,,,
HT,Haiti,Data source,All types,5.9,6,6.15,6.26,5.34,6.13,6.67,6.13,,,,,,,,,,,,,,,
HT,Haiti,Data source,Beer,0.12,0.11,0.13,0.12,0.1,0.01,0.01,0.03,,,,,,,,,,,,,,,
HT,Haiti,Data source,Wine,0.01,0.01,0.02,0.01,0.01,0.01,0.01,0.02,,,,,,,,,,,,,,,
HT,Haiti,Data source,Spirits,5.76,5.87,6.01,6.13,5.22,6.11,6.65,6.08,,,,,,,,,,,,,,,
HT,Haiti,Data source,Other alcoholic beverages,0.01,0.01,0.01,0.01,0.01,0,0,0,,,,,,,,,,,,,,,
HN,Honduras,Data source,All types,2.97,3.05,3.12,3.23,3.23,3.02,3.04,3.09,,,,,,,,,,,,,,,
HN,Honduras,Data source,Beer,1.22,1.24,1.26,1.28,1.27,1.27,1.38,1.41,,,,,,,,,,,,,,,
HN,Honduras,Data source,Wine,0.02,0.03,0.01,0.02,0.04,0.02,0.02,0.02,,,,,,,,,,,,,,,
HN,Honduras,Data source,Spirits,1.73,1.78,1.85,1.93,1.92,1.72,1.64,1.66,,,,,,,,,,,,,,,
HN,Honduras,Data source,Other alcoholic beverages,0,0,0,0,0,0,0,0,,,,,,,,,,,,,,,
HU,Hungary,Data source,All types,11.46,11.64,12.55,13.16,12.94,,13.24,13.28,,,,,,,,,,,,,,,
HU,Hungary,Data source,Beer,4.26,4.28,4.58,4.38,4.3,,4.47,4.34,,,,,,,,,,,,,,,
HU,Hungary,Data source,Wine,3.21,3.25,3.85,4.53,4.5,,4.6,4.88,,,,,,,,,,,,,,,
HU,Hungary,Data source,Spirits,3.99,4.11,4.12,4.25,4.14,,4.17,4.06,,,,,,,,,,,,,,,
HU,Hungary,Data source,Other alcoholic beverages,0,0,0,,,,,,,,,,,,,,,,,,,,
IS,Iceland,Data source,All types,7.24,7.19,7.53,7.2,7.05,6.71,6.52,6.53,,,,,,,,,,,,,,,
IS,Iceland,Data source,Beer,3.84,3.55,3.95,3.78,3.67,3.49,3.35,3.29,,,,,,,,,,,,,,,
IS,Iceland,Data source,Wine,1.94,2.12,2.04,1.97,1.95,1.83,1.71,1.59,,,,,,,,,,,,,,,
IS,Iceland,Data source,Spirits,1.47,1.52,1.54,1.45,1.43,1.39,1.47,1.65,,,,,,,,,,,,,,,
IS,Iceland,Data source,Other alcoholic beverages,,,,,,,,0,,,,,,,,,,,,,,,
IN,India,Data source,All types,2.47,1.91,1.57,1.35,1.26,1.19,1.18,1.09,,,,,,,,,,,,,,,
IN,India,Data source,Beer,0.15,0.13,0.12,0.11,0.09,0.08,0.08,0.07,,,,,,,,,,,,,,,
IN,India,Data source,Wine,0,0,0,0,0.01,0.01,0.01,0.01,,,,,,,,,,,,,,,
IN,India,Data source,Spirits,2.33,1.77,1.44,1.24,1.16,1.1,1.1,1,,,,,,,,,,,,,,,
IN,India,Data source,Other alcoholic beverages,0,0,0,0,0,0,0,0,,,,,,,,,,,,,,,
ID,Indonesia,Data source,All types,0.09,0.08,0.07,0.07,0.07,0.06,0.05,0.05,,,,,,,,,,,,,,,
ID,Indonesia,Data source,Beer,0.08,0.07,0.06,0.06,0.06,0.06,0.05,0.05,,,,,,,,,,,,,,,
ID,Indonesia,Data source,Wine,0,0,0,0,0,0,0,0,,,,,,,,,,,,,,,
ID,Indonesia,Data source,Spirits,0.01,0.01,0,0,0,0,0,0,,,,,,,,,,,,,,,
ID,Indonesia,Data source,Other alcoholic beverages,0,0,0,0,0,0,0,0,,,,,,,,,,,,,,,
ID,Iran (Islamic Republic of),Data source,All types,0.03,0.02,0.02,0.02,0.01,0.01,0.01,0,,,,,,,,,,,,,,,
ID,Iran (Islamic Republic of),Data source,Beer,0,0,0,0,0,0,0,0,,,,,,,,,,,,,,,
ID,Iran (Islamic Republic of),Data source,Wine,0,0,0,0,0,0,0,0,,,,,,,,,,,,,,,
ID,Iran (Islamic Republic of),Data source,Spirits,0.03,0.02,0.02,0.02,0.01,0.01,0.01,0,,,,,,,,,,,,,,,
ID,Iran (Islamic Republic of),Data source,Other alcoholic beverages,0,0,0,0,0,0,0,0,,,,,,,,,,,,,,,
IQ,Iraq,Data source,All types,0.2,0.17,0.15,0.03,0.18,0.32,0.07,0.15,,,,,,,,,,,,,,,
IQ,Iraq,Data source,Beer,0.16,0.13,0.11,0,0.15,0.3,0.06,0.14,,,,,,,,,,,,,,,
IQ,Iraq,Data source,Wine,0,0,0,0,0,0,0,0,,,,,,,,,,,,,,,
IQ,Iraq,Data source,Spirits,0.04,0.04,0.03,0.03,0.03,0.02,0.01,0.01,,,,,,,,,,,,,,,
IQ,Iraq,Data source,Other alcoholic beverages,0,0,0,0,0,0,0,0,,,,,,,,,,,,,,,
IE,Ireland,Data source,All types,11.27,12.42,13.37,13.38,13.42,13.14,13.07,13.98,,,,,,,,,,,,,,,
IE,Ireland,Data source,Beer,5.76,6.18,6.63,6.84,7.04,7.01,7.22,7.56,,,,,,,,,,,,,,,
IE,Ireland,Data source,Wine,2.65,2.86,3,2.87,2.75,2.53,2.26,2.14,,,,,,,,,,,,,,,
IE,Ireland,Data source,Spirits,1.99,2.45,2.68,2.57,2.55,2.45,2.43,3.11,,,,,,,,,,,,,,,
IE,Ireland,Data source,Other alcoholic beverages,0.87,0.93,1.06,1.1,1.08,1.15,1.15,1.16,,,,,,,,,,,,,,,
IL,Israel,Data source,All types,2.56,2.48,2.34,2.23,2.41,2.3,2.36,2.55,,,,,,,,,,,,,,,
IL,Israel,Data source,Beer,1.05,1.02,0.97,0.78,0.88,0.76,0.79,0.92,,,,,,,,,,,,,,,
IL,Israel,Data source,Wine,0.18,0.22,0.17,0.18,0.22,0.23,0.22,0.3,,,,,,,,,,,,,,,
IL,Israel,Data source,Spirits,1.27,1.19,1.15,1.21,1.27,1.24,1.36,1.32,,,,,,,,,,,,,,,
IL,Israel,Data source,Other alcoholic beverages,0.05,0.05,0.05,0.05,0.05,0.06,0,0,,,,,,,,,,,,,,,
IT,Italy,Data source,All types,6.4,6.84,7.19,7.26,7.41,8.98,9.3,9.25,,,,,,,,,,,,,,,
IT,Italy,Data source,Beer,1.4,1.47,1.55,1.51,1.48,1.72,1.75,1.64,,,,,,,,,,,,,,,
IT,Italy,Data source,Wine,4.3,4.65,4.92,4.89,5.03,6.19,6.47,6.54,,,,,,,,,,,,,,,
IT,Italy,Data source,Spirits,0.7,0.72,0.72,0.85,0.9,1.07,1.07,1.07,,,,,,,,,,,,,,,
IT,Italy,Data source,Other alcoholic beverages,0,0,0,0,0,0,0,0,,,,,,,,,,,,,,,
JM,Jamaica,Data source,All types,2.84,2.94,2.99,3.02,3.08,3.12,3.08,3.3,,,,,,,,,,,,,,,
JM,Jamaica,Data source,Beer,1.06,1.23,1.16,1.12,1.16,1.16,1.17,1.3,,,,,,,,,,,,,,,
JM,Jamaica,Data source,Wine,0.14,0.14,0.18,0.15,0.11,0.14,0.09,0.12,,,,,,,,,,,,,,,
JM,Jamaica,Data source,Spirits,1.49,1.4,1.49,1.58,1.65,1.64,1.82,1.88,,,,,,,,,,,,,,,
JM,Jamaica,Data source,Other alcoholic beverages,0.15,0.16,0.16,0.17,0.17,0.17,0,0,,,,,,,,,,,,,,,
JP,Japan,Data source,All types,6.98,7.06,7.28,7.48,7.99,7.69,7.83,7.87,,,,,,,,,,,,,,,
JP,Japan,Data source,Beer,1.38,1.47,1.63,1.67,1.72,1.74,1.81,1.97,,,,,,,,,,,,,,,
JP,Japan,Data source,Wine,0.25,0.25,0.24,0.26,0.29,0.31,0.27,0.28,,,,,,,,,,,,,,,
JP,Japan,Data source,Spirits,2.64,2.62,2.62,3.37,3.36,3.41,3.33,3.14,,,,,,,,,,,,,,,
JP,Japan,Data source,Other alcoholic beverages,2.7,2.72,2.79,2.18,2.61,2.22,2.42,2.48,,,,,,,,,,,,,,,
JO,Jordan,Data source,All types,0.59,0.61,0.59,0.58,0.55,0.54,0.54,0.54,,,,,,,,,,,,,,,
JO,Jordan,Data source,Beer,0.19,0.19,0.18,0.17,0.16,0.15,0.13,0.14,,,,,,,,,,,,,,,
JO,Jordan,Data source,Wine,0.01,0.01,0.01,0.02,0.02,0.01,0.02,0.01,,,,,,,,,,,,,,,
JO,Jordan,Data source,Spirits,0.38,0.4,0.39,0.38,0.36,0.37,0.39,0.39,,,,,,,,,,,,,,,
JO,Jordan,Data source,Other alcoholic beverages,0.01,0.01,0.01,0.01,0.01,0.01,0,0,,,,,,,,,,,,,,,
KZ,Kazakhstan,Data source,All types,6.44,7.4,7.26,6.91,6.73,6.39,6.42,5.94,,,,,,,,,,,,,,,
KZ,Kazakhstan,Data source,Beer,1.87,2.81,2.53,2.16,1.88,1.48,1.34,1.13,,,,,,,,,,,,,,,
KZ,Kazakhstan,Data source,Wine,0.35,0.27,0.33,0.35,0.43,0.4,0.53,0.41,,,,,,,,,,,,,,,
KZ,Kazakhstan,Data source,Spirits,4.22,4.33,4.4,4.4,4.42,4.5,4.55,4.41,,,,,,,,,,,,,,,
KZ,Kazakhstan,Data source,Other alcoholic beverages,0,0,0,0,0,0,0,0,,,,,,,,,,,,,,,
KE,Kenya,Data source,All types,2.04,1.79,2.2,1.96,1.49,1.29,1.19,1.4,,,,,,,,,,,,,,,
KE,Kenya,Data source,Beer,1.05,1.07,0.95,0.82,0.85,0.65,0.56,0.67,,,,,,,,,,,,,,,
KE,Kenya,Data source,Wine,0.02,0.02,0.03,0.02,0.02,0.02,0.01,0.02,,,,,,,,,,,,,,,
KE,Kenya,Data source,Spirits,0.41,0.44,0.44,0.45,0.51,0.49,0.48,0.54,,,,,,,,,,,,,,,
KE,Kenya,Data source,Other alcoholic beverages,0.56,0.26,0.79,0.67,0.11,0.12,0.14,0.16,,,,,,,,,,,,,,,
KI,Kiribati,Data source,All types,0.56,0.48,0.7,0.79,0.6,0.48,0.5,0.49,,,,,,,,,,,,,,,
KI,Kiribati,Data source,Beer,0.49,0.44,0.51,0.65,0.56,0.43,0.4,0.45,,,,,,,,,,,,,,,
KI,Kiribati,Data source,Wine,0.02,0.02,0.16,0.1,0.01,0,0,0,,,,,,,,,,,,,,,
KI,Kiribati,Data source,Spirits,0.05,0.02,0.03,0.03,0.02,0.03,0.02,0.04,,,,,,,,,,,,,,,
KI,Kiribati,Data source,Other alcoholic beverages,0,0,0,0,0.01,0.01,0,0,,,,,,,,,,,,,,,
KW,Kuwait,Data source,All types,0.1,0.03,0.03,0.01,0.01,0.02,0.03,0.01,,,,,,,,,,,,,,,
KW,Kuwait,Data source,Beer,0.09,0.02,0.02,0,0,0,0.02,0,,,,,,,,,,,,,,,
KW,Kuwait,Data source,Wine,0,0,0,0,0,0.01,0,0,,,,,,,,,,,,,,,
KW,Kuwait,Data source,Spirits,0.01,0.01,0.01,0.01,0.01,0.01,0.01,0.01,,,,,,,,,,,,,,,
KW,Kuwait,Data source,Other alcoholic beverages,0,0,0,0,0,0,0,0,,,,,,,,,,,,,,,
KG,Kyrgyzstan,Data source,All types,5.99,7.28,6.97,6.77,6.52,6.74,6.43,5.89,,,,,,,,,,,,,,,
KG,Kyrgyzstan,Data source,Beer,0.48,1,0.75,0.65,0.65,0.7,0.54,0.36,,,,,,,,,,,,,,,
KG,Kyrgyzstan,Data source,Wine,0.12,0.12,0.12,0.12,0.12,0.14,0.21,0.22,,,,,,,,,,,,,,,
KG,Kyrgyzstan,Data source,Spirits,5.39,6.16,6.1,6,5.75,5.9,5.68,5.31,,,,,,,,,,,,,,,
KG,Kyrgyzstan,Data source,Other alcoholic beverages,0,0,0,0,0,0,0,0,,,,,,,,,,,,,,,
LA,Lao People's Democratic Republic,Data source,All types,5.3,5.2,5.07,3.73,3.71,3.56,3.43,3.35,,,,,,,,,,,,,,,
LA,Lao People's Democratic Republic,Data source,Beer,2.2,2.06,1.77,1.51,1.42,1.23,1.12,1.02,,,,,,,,,,,,,,,
LA,Lao People's Democratic Republic,Data source,Wine,0,0,0,0,0,0,0,0,,,,,,,,,,,,,,,
LA,Lao People's Democratic Republic,Data source,Spirits,3.1,3.14,3.31,2.23,2.29,2.32,2.31,2.33,,,,,,,,,,,,,,,
LA,Lao People's Democratic Republic,Data source,Other alcoholic beverages,0,0,0,0,0,0,0,0,,,,,,,,,,,,,,,
LV,Latvia,Data source,All types,9.85,11.84,12.12,10.4,9.92,8.81,8.24,7.44,,,,,,,,,,,,,,,
LV,Latvia,Data source,Beer,4.35,4.12,4.15,4.09,3.8,3.69,2.97,2.74,,,,,,,,,,,,,,,
LV,Latvia,Data source,Wine,1.03,1.13,1.18,1.06,0.94,0.95,1.78,1.5,,,,,,,,,,,,,,,
LV,Latvia,Data source,Spirits,3.94,5.8,5.91,4.48,4.57,3.74,3.33,3.04,,,,,,,,,,,,,,,
LV,Latvia,Data source,Other alcoholic beverages,0.53,0.79,0.88,0.78,0.6,0.43,0.16,0.16,,,,,,,,,,,,,,,
LB,Lebanon,Data source,All types,1.61,1.68,1.72,1.82,1.94,2.1,2.19,1.98,,,,,,,,,,,,,,,
LB,Lebanon,Data source,Beer,0.39,0.39,0.39,0.39,0.41,0.45,0.44,0.44,,,,,,,,,,,,,,,
LB,Lebanon,Data source,Wine,0.32,0.42,0.52,0.66,0.77,0.82,0.85,0.59,,,,,,,,,,,,,,,
LB,Lebanon,Data source,Spirits,0.88,0.85,0.79,0.76,0.75,0.82,0.89,0.95,,,,,,,,,,,,,,,
LB,Lebanon,Data source,Other alcoholic beverages,0.02,0.02,0.02,0.02,0.02,0.02,0,0,,,,,,,,,,,,,,,
LS,Lesotho,Data source,All types,2.98,2.97,2.9,2.82,2.49,1.81,2,2.97,,,,,,,,,,,,,,,
LS,Lesotho,Data source,Beer,1.33,1.35,1.3,1.23,1.26,1.31,1.37,1.48,,,,,,,,,,,,,,,
LS,Lesotho,Data source,Wine,0.01,0.01,0.01,0,0,0,0,0,,,,,,,,,,,,,,,
LS,Lesotho,Data source,Spirits,0.55,0.56,0.55,0.54,0.53,0,0,0.36,,,,,,,,,,,,,,,
LS,Lesotho,Data source,Other alcoholic beverages,1.09,1.05,1.05,1.05,0.7,0.5,0.63,1.14,,,,,,,,,,,,,,,
LR,Liberia,Data source,All types,3.75,3.89,4.04,4.05,4.19,4.24,4.22,4.28,,,,,,,,,,,,,,,
LR,Liberia,Data source,Beer,0.34,0.34,0.34,0.3,0.29,0.25,0.15,0.15,,,,,,,,,,,,,,,
LR,Liberia,Data source,Wine,0.01,0.01,0.01,0,0,0,0,0,,,,,,,,,,,,,,,
LR,Liberia,Data source,Spirits,3.4,3.54,3.68,3.75,3.89,3.99,4.07,4.13,,,,,,,,,,,,,,,
LR,Liberia,Data source,Other alcoholic beverages,0,0,0,0,0,0,0,0,,,,,,,,,,,,,,,
LY,Libya,Data source,All types,0.01,0.01,0.01,0.01,0,0.01,0.01,0.01,,,,,,,,,,,,,,,
LY,Libya,Data source,Beer,0.01,0,0,0.01,0,0,0,0,,,,,,,,,,,,,,,
LY,Libya,Data source,Wine,0,0,0,0,0,0,0,0,,,,,,,,,,,,,,,
LY,Libya,Data source,Spirits,0.01,0.01,0,0,0,0.01,0.01,0,,,,,,,,,,,,,,,
LY,Libya,Data source,Other alcoholic beverages,0,0,0,0,0,0,0,0,,,,,,,,,,,,,,,
LT,Lithuania,Data source,All types,12.4,13.3,13.4,12.7,12.3,12.1,11.29,11,,,,,,,,,,,,,,,
LT,Lithuania,Data source,Beer,5.4,5.4,5.6,6,5.8,4.62,4.58,4.66,,,,,,,,,,,,,,,
LT,Lithuania,Data source,Wine,0.9,0.9,0.9,1.4,1.4,2.37,2.24,2.06,,,,,,,,,,,,,,,
LT,Lithuania,Data source,Spirits,4.6,5.5,5.3,4.5,4.5,4.31,3.71,3.59,,,,,,,,,,,,,,,
LT,Lithuania,Data source,Other alcoholic beverages,1.5,1.5,1.6,0.8,0.6,0.79,0.76,0.69,,,,,,,,,,,,,,,
LU,Luxembourg,Data source,All types,11.6,11.72,11.94,12.17,12.02,12.42,12.61,12.91,,,,,,,,,,,,,,,
LU,Luxembourg,Data source,Beer,4.27,4.28,4.39,4.57,4.46,4.27,4.36,4.46,,,,,,,,,,,,,,,
LU,Luxembourg,Data source,Wine,4.91,4.97,5.12,5.11,5.12,5.58,5.75,5.86,,,,,,,,,,,,,,,
LU,Luxembourg,Data source,Spirits,2.43,2.48,2.43,2.49,2.44,2.58,2.5,2.59,,,,,,,,,,,,,,,
LU,Luxembourg,Data source,Other alcoholic beverages,0,0,0,0,0,0,0,0,,,,,,,,,,,,,,,
MG,Madagascar,Data source,All types,0.91,0.68,0.71,0.68,0.83,0.83,0.94,0.91,,,,,,,,,,,,,,,
MG,Madagascar,Data source,Beer,0.4,0.37,0.38,0.34,0.34,0.36,0.38,0.28,,,,,,,,,,,,,,,
MG,Madagascar,Data source,Wine,0.17,0.17,0.17,0.17,0.15,0.13,0.22,0.22,,,,,,,,,,,,,,,
MG,Madagascar,Data source,Spirits,0.34,0.14,0.16,0.17,0.34,0.34,0.34,0.42,,,,,,,,,,,,,,,
MG,Madagascar,Data source,Other alcoholic beverages,0,0,0,0,0,0,0,0,,,,,,,,,,,,,,,
MW,Malawi,Data source,All types,1.78,1.94,1.98,1.98,1.48,1.27,1.24,1.27,,,,,,,,,,,,,,,
MW,Malawi,Data source,Beer,0.15,0.15,0.14,0.14,0.14,0.14,0.15,0.15,,,,,,,,,,,,,,,
MW,Malawi,Data source,Wine,0.02,0.15,0,0.01,0.01,0.01,0.02,0.01,,,,,,,,,,,,,,,
MW,Malawi,Data source,Spirits,0.21,0.15,0.2,0.22,0.23,0.29,0.25,0.26,,,,,,,,,,,,,,,
MW,Malawi,Data source,Other alcoholic beverages,1.4,1.49,1.63,1.61,1.1,0.83,0.83,0.84,,,,,,,,,,,,,,,
MY,Malaysia,Data source,All types,0.47,0.47,0.43,0.43,0.46,0.49,0.48,0.49,,,,,,,,,,,,,,,
MY,Malaysia,Data source,Beer,0.37,0.37,0.34,0.34,0.38,0.41,0.4,0.41,,,,,,,,,,,,,,,
MY,Malaysia,Data source,Wine,0,0.01,0.01,0,0.01,0.01,0,0,,,,,,,,,,,,,,,
MY,Malaysia,Data source,Spirits,0.09,0.09,0.08,0.08,0.08,0.08,0.08,0.08,,,,,,,,,,,,,,,
MY,Malaysia,Data source,Other alcoholic beverages,0.01,0.01,0,0,0,0,0,0,,,,,,,,,,,,,,,
MV,Maldives,Data source,All types,1.62,1.72,1.69,1.57,1.35,1.6,1.76,1.78,,,,,,,,,,,,,,,
MV,Maldives,Data source,Beer,0.46,0.54,0.56,0.53,0.4,0.54,0.51,0.54,,,,,,,,,,,,,,,
MV,Maldives,Data source,Wine,0.32,0.36,0.36,0.29,0.3,0.36,0.36,0.36,,,,,,,,,,,,,,,
MV,Maldives,Data source,Spirits,0.83,0.82,0.77,0.74,0.65,0.65,0.82,0.82,,,,,,,,,,,,,,,
MV,Maldives,Data source,Other alcoholic beverages,0,0,0,0,0,0,0,0,,,,,,,,,,,,,,,
ML,Mali,Data source,All types,0.56,0.58,0.55,0.55,0.54,0.54,0.55,0.61,,,,,,,,,,,,,,,
ML,Mali,Data source,Beer,0.07,0.07,0.07,0.06,0.06,0.06,0.06,0.06,,,,,,,,,,,,,,,
ML,Mali,Data source,Wine,0,0,0,0,0,0,0.01,0.05,,,,,,,,,,,,,,,
ML,Mali,Data source,Spirits,0.01,0.02,0.01,0.01,0,0.01,0.01,0.01,,,,,,,,,,,,,,,
ML,Mali,Data source,Other alcoholic beverages,0.48,0.48,0.47,0.47,0.47,0.47,0.48,0.49,,,,,,,,,,,,,,,
MT,Malta,Data source,All types,7.53,7.27,7.62,9.03,6.55,6.66,6.8,6.11,,,,,,,,,,,,,,,
MT,Malta,Data source,Beer,2.71,2.66,2.37,2.15,1.7,1.86,1.83,2.61,,,,,,,,,,,,,,,
MT,Malta,Data source,Wine,2.94,2.71,3.27,4.95,2.96,3.01,3.08,1.58,,,,,,,,,,,,,,,
MT,Malta,Data source,Spirits,1.55,1.55,1.62,1.6,1.58,1.53,1.87,1.9,,,,,,,,,,,,,,,
MT,Malta,Data source,Other alcoholic beverages,0.33,0.35,0.36,0.33,0.31,0.27,0.02,0.03,,,,,,,,,,,,,,,
MR,Mauritania,Data source,All types,0,0.02,0.02,0.01,0.01,0.01,0.01,0.02,,,,,,,,,,,,,,,
MR,Mauritania,Data source,Beer,0,0,0,0,0,0,0,0,,,,,,,,,,,,,,,
MR,Mauritania,Data source,Wine,0,0,0,0,0,0,0,0,,,,,,,,,,,,,,,
MR,Mauritania,Data source,Spirits,0,0.01,0.02,0.01,0.01,0.01,0,0.01,,,,,,,,,,,,,,,
MR,Mauritania,Data source,Other alcoholic beverages,0,0,0,0,0,0,0,0,,,,,,,,,,,,,,,
MU,Mauritius,Data source,All types,2.82,2.49,3.24,3.73,3.94,4.17,4.08,4.13,,,,,,,,,,,,,,,
MU,Mauritius,Data source,Beer,1.98,1.57,1.79,1.81,1.96,1.99,2,1.92,,,,,,,,,,,,,,,
MU,Mauritius,Data source,Wine,0.26,0.35,0.33,0.3,0.32,0.3,0.28,0.42,,,,,,,,,,,,,,,
MU,Mauritius,Data source,Spirits,0.58,0.56,1.12,1.61,1.66,1.88,1.8,1.79,,,,,,,,,,,,,,,
MU,Mauritius,Data source,Other alcoholic beverages,0,0,0,0,0,0,0,0,,,,,,,,,,,,,,,
MX,Mexico,Data source,All types,5.23,5.34,5.35,5.13,4.96,4.93,4.91,4.82,,,,,,,,,,,,,,,
MX,Mexico,Data source,Beer,4.02,4.09,4.11,3.97,3.85,3.76,3.73,3.65,,,,,,,,,,,,,,,
MX,Mexico,Data source,Wine,0.12,0.12,0.12,0.09,0.09,0.11,0.11,0.09,,,,,,,,,,,,,,,
MX,Mexico,Data source,Spirits,1.06,1.1,1.08,1.04,0.99,1.04,1.07,1.08,,,,,,,,,,,,,,,
MX,Mexico,Data source,Other alcoholic beverages,0.03,0.03,0.03,0.03,0.03,0.03,0,0,,,,,,,,,,,,,,,
MX,Micronesia (Federated States of),Data source,All types,2.05,1.97,1.63,1.73,1.9,2.03,3.16,2.79,,,,,,,,,,,,,,,
MX,Micronesia (Federated States of),Data source,Beer,1.18,1.02,0.72,0.71,1.49,1.69,3.05,2.69,,,,,,,,,,,,,,,
MX,Micronesia (Federated States of),Data source,Wine,0.03,0.18,0.14,0.09,0.16,0.19,0.04,0.04,,,,,,,,,,,,,,,
MX,Micronesia (Federated States of),Data source,Spirits,0.85,0.76,0.77,0.94,0.25,0.14,0.06,0.07,,,,,,,,,,,,,,,
MX,Micronesia (Federated States of),Data source,Other alcoholic beverages,0,0,0,0,0,0,0,0,,,,,,,,,,,,,,,
MN,Mongolia,Data source,All types,4.64,4.14,3.61,3.44,2.73,1.68,1.39,1.42,,,,,,,,,,,,,,,
MN,Mongolia,Data source,Beer,1.01,1.42,0.96,0.78,0.77,0.46,0.39,0.54,,,,,,,,,,,,,,,
MN,Mongolia,Data source,Wine,0.11,0.07,0.1,0.07,0.06,0.09,0.11,0.11,,,,,,,,,,,,,,,
MN,Mongolia,Data source,Spirits,3.4,2.77,2.55,2.59,1.89,0.86,0.67,0.51,,,,,,,,,,,,,,,
MN,Mongolia,Data source,Other alcoholic beverages,0,0,0,0,0,0.28,0.21,0.26,,,,,,,,,,,,,,,
ME,Montenegro,Data source,All types,7.26,6.94,5.69,6.53,,,,,,,,,,,,,,,,,,,
ME,Montenegro,Data source,Beer,0.7,0.71,0.48,0.02,,,,,,,,,,,,,,,,,,,
ME,Montenegro,Data source,Wine,4.02,3.66,2.47,3.57,,,,,,,,,,,,,,,,,,,
ME,Montenegro,Data source,Spirits,2.37,2.35,2.31,2.25,,,,,,,,,,,,,,,,,,,
ME,Montenegro,Data source,Other alcoholic beverages,0.17,0.22,0.21,0.2,,,,,,,,,,,,,,,,,,,
MA,Morocco,Data source,All types,0.62,0.57,0.56,0.58,0.53,0.56,0.58,0.46,,,,,,,,,,,,,,,
MA,Morocco,Data source,Beer,0.23,0.24,0.22,0.22,0.23,0.23,0.22,0.24,,,,,,,,,,,,,,,
MA,Morocco,Data source,Wine,0.29,0.24,0.25,0.29,0.24,0.28,0.3,0.18,,,,,,,,,,,,,,,
MA,Morocco,Data source,Spirits,0.1,0.09,0.08,0.07,0.06,0.06,0.06,0.05,,,,,,,,,,,,,,,
MA,Morocco,Data source,Other alcoholic beverages,0,0,0,0,0,0,0,0,,,,,,,,,,,,,,,
MZ,Mozambique,Data source,All types,0.74,0.76,0.69,0.6,0.62,0.59,1.69,2.19,,,,,,,,,,,,,,,
MZ,Mozambique,Data source,Beer,0.57,0.59,0.55,0.51,0.52,0.49,0.46,0.44,,,,,,,,,,,,,,,
MZ,Mozambique,Data source,Wine,0.12,0.11,0.09,0.09,0.09,0.08,0.07,0.09,,,,,,,,,,,,,,,
MZ,Mozambique,Data source,Spirits,0.05,0.06,0.04,0,0,0.02,1.12,1.59,,,,,,,,,,,,,,,
MZ,Mozambique,Data source,Other alcoholic beverages,0,0,0,0,0,0,0.06,0.06,,,,,,,,,,,,,,,
MM,Myanmar,Data source,All types,0.86,0.78,0.72,0.65,0.62,0.62,0.59,0.14,,,,,,,,,,,,,,,
MM,Myanmar,Data source,Beer,0.14,0.13,0.12,0.12,0.13,0.13,0.13,0.12,,,,,,,,,,,,,,,
MM,Myanmar,Data source,Wine,0,0,0,0,0,0,0,0,,,,,,,,,,,,,,,
MM,Myanmar,Data source,Spirits,0.72,0.65,0.6,0.53,0.49,0.49,0.47,0.01,,,,,,,,,,,,,,,
MM,Myanmar,Data source,Other alcoholic beverages,0,0,0,0,0,0,0,0,,,,,,,,,,,,,,,
NA,Namibia,Data source,All types,7.87,6.16,5,4.84,4.74,4.55,5.04,4.84,,,,,,,,,,,,,,,
NA,Namibia,Data source,Beer,7.63,5.94,3.75,3.57,3.36,3.19,3.3,3.58,,,,,,,,,,,,,,,
NA,Namibia,Data source,Wine,0.02,0.03,0.28,0.23,0.11,0.12,0.67,0.29,,,,,,,,,,,,,,,
NA,Namibia,Data source,Spirits,0.06,0.04,0.78,0.8,0.98,0.99,0.82,0.75,,,,,,,,,,,,,,,
NA,Namibia,Data source,Other alcoholic beverages,0.15,0.15,0.2,0.24,0.29,0.25,0.25,0.21,,,,,,,,,,,,,,,
NR,Nauru,,All types,2.01,2.54,2.24,2.16,1.91,2.29,1.94,2.79,,,,,,,,,,,,,,,
NR,Nauru,,Beer,1.84,1.85,1.85,1.8,1.76,1.53,1.42,1.62,,,,,,,,,,,,,,,
NR,Nauru,,Wine,0.04,0.04,0.06,0.04,0.02,0.11,0.08,0.14,,,,,,,,,,,,,,,
NR,Nauru,,Spirits,0.13,0.65,0.33,0.32,0.12,0.65,0.45,1.03,,,,,,,,,,,,,,,
NR,Nauru,,Other alcoholic beverages,0,0,0,0,0,0,0,0,,,,,,,,,,,,,,,
NR,Nauru,Data source,All types,2.01,2.54,2.24,2.16,1.91,2.29,1.94,2.79,,,,,,,,,,,,,,,
NR,Nauru,Data source,Beer,1.84,1.85,1.85,1.8,1.76,1.53,1.42,1.62,,,,,,,,,,,,,,,
NR,Nauru,Data source,Wine,0.04,0.04,0.06,0.04,0.02,0.11,0.08,0.14,,,,,,,,,,,,,,,
NR,Nauru,Data source,Spirits,0.13,0.65,0.33,0.32,0.12,0.65,0.45,1.03,,,,,,,,,,,,,,,
NR,Nauru,Data source,Other alcoholic beverages,0,0,0,0,0,0,0,0,,,,,,,,,,,,,,,
NP,Nepal,Data source,All types,0.22,0.21,0.2,0.2,0.23,0.23,0.2,0.19,,,,,,,,,,,,,,,
NP,Nepal,Data source,Beer,0.1,0.08,0.08,0.07,0.08,0.08,0.08,0.08,,,,,,,,,,,,,,,
NP,Nepal,Data source,Wine,0,0,0,0,0,0,0,0,,,,,,,,,,,,,,,
NP,Nepal,Data source,Spirits,0.12,0.12,0.12,0.12,0.14,0.14,0.11,0.11,,,,,,,,,,,,,,,
NP,Nepal,Data source,Other alcoholic beverages,0,0,0,0,0,0,0,0,,,,,,,,,,,,,,,
NL,Netherlands,Data source,All types,9.22,9.61,9.51,9.78,9.67,9.56,9.56,9.68,,,,,,,,,,,,,,,
NL,Netherlands,Data source,Beer,4.37,4.74,4.76,4.77,4.77,4.8,4.81,4.83,,,,,,,,,,,,,,,
NL,Netherlands,Data source,Wine,3.28,3.28,3.17,3.42,3.3,3.1,2.94,2.84,,,,,,,,,,,,,,,
NL,Netherlands,Data source,Spirits,1.58,1.58,1.59,1.59,1.59,1.66,1.81,2.01,,,,,,,,,,,,,,,
NL,Netherlands,Data source,Other alcoholic beverages,0,0,0,0,0,0,0,0,,,,,,,,,,,,,,,
NZ,New Zealand,Data source,All types,9.23,9.47,9.19,9.35,9.33,9.17,8.93,9.1,,,,,,,,,,,,,,,
NZ,New Zealand,Data source,Beer,3.78,4.02,3.94,3.95,4.1,4.11,4.17,4.24,,,,,,,,,,,,,,,
NZ,New Zealand,Data source,Wine,3.03,3.03,3,3.1,3,2.85,2.73,2.74,,,,,,,,,,,,,,,
NZ,New Zealand,Data source,Spirits,2.38,2.37,2.2,2.26,2.18,2.15,1.95,2.02,,,,,,,,,,,,,,,
NZ,New Zealand,Data source,Other alcoholic beverages,0.04,0.04,0.05,0.05,0.05,0.06,0.08,0.1,,,,,,,,,,,,,,,
NI,Nicaragua,Data source,All types,3.32,3.58,3.77,3.63,3.64,3.75,3.72,3.46,,,,,,,,,,,,,,,
NI,Nicaragua,Data source,Beer,1.3,1.36,1.28,1.17,1.12,1.07,1.08,1.03,,,,,,,,,,,,,,,
NI,Nicaragua,Data source,Wine,0.01,0.02,0.02,0.01,0.01,0.01,0.02,0.01,,,,,,,,,,,,,,,
NI,Nicaragua,Data source,Spirits,2,2.21,2.46,2.46,2.51,2.67,2.63,2.42,,,,,,,,,,,,,,,
NI,Nicaragua,Data source,Other alcoholic beverages,0,0,0,0,0,0,0,0,,,,,,,,,,,,,,,
NE,Niger,Data source,All types,0.1,0.11,0.1,0.1,0.1,0.1,0.1,0.09,,,,,,,,,,,,,,,
NE,Niger,Data source,Beer,0.05,0.05,0.05,0.05,0.05,0.05,0.05,0.05,,,,,,,,,,,,,,,
NE,Niger,Data source,Wine,0.01,0.01,0.01,0.01,0.02,0.01,0.01,0.01,,,,,,,,,,,,,,,
NE,Niger,Data source,Spirits,0.04,0.04,0.04,0.04,0.03,0.04,0.03,0.03,,,,,,,,,,,,,,,
NE,Niger,Data source,Other alcoholic beverages,0,0,0,0,0,0,0,0,,,,,,,,,,,,,,,
NG,Nigeria,Data source,All types,10.49,10.71,10.98,11.09,11.16,11.25,11.25,11.02,,,,,,,,,,,,,,,
NG,Nigeria,Data source,Beer,0.65,0.64,0.64,0.6,0.54,0.52,0.53,0.45,,,,,,,,,,,,,,,
NG,Nigeria,Data source,Wine,0.02,0.06,0.04,0,0,0,0,0,,,,,,,,,,,,,,,
NG,Nigeria,Data source,Spirits,0.03,0.03,0.06,0.02,0.02,0.01,0.02,0,,,,,,,,,,,,,,,
NG,Nigeria,Data source,Other alcoholic beverages,9.8,9.98,10.23,10.47,10.61,10.71,10.71,10.57,,,,,,,,,,,,,,,
NU,Niue,Data source,All types,7.06,7.02,5.02,7.1,6.22,6.8,8.27,5.16,,,,,,,,,,,,,,,
NU,Niue,Data source,Beer,3.1,3.3,2.1,3.76,3.15,4.92,2.23,1.29,,,,,,,,,,,,,,,
NU,Niue,Data source,Wine,0.36,0.12,0.12,0.34,1.89,0.11,0.1,1.13,,,,,,,,,,,,,,,
NU,Niue,Data source,Spirits,3.6,3.6,2.8,3,2.96,1.77,5.94,2.74,,,,,,,,,,,,,,,
NU,Niue,Data source,Other alcoholic beverages,0,0,0,0,0,0,0,0,,,,,,,,,,,,,,,
NO,Norway,Data source,All types,6.68,6.75,6.6,6.47,6.37,6.22,6.04,5.89,,,,,,,,,,,,,,,
NO,Norway,Data source,Beer,2.96,3.06,3.02,3.01,2.98,2.96,2.76,2.89,,,,,,,,,,,,,,,
NO,Norway,Data source,Wine,2.28,2.23,2.11,2.05,2,1.9,1.84,1.81,,,,,,,,,,,,,,,
NO,Norway,Data source,Spirits,1.31,1.33,1.35,1.3,1.28,1.25,1.22,1.12,,,,,,,,,,,,,,,
NO,Norway,Data source,Other alcoholic beverages,0.13,0.13,0.12,0.11,0.11,0.11,0.22,0.07,,,,,,,,,,,,,,,
OM,Oman,Data source,All types,0.53,0.54,0.54,0.56,0.62,0.61,0.56,0.54,,,,,,,,,,,,,,,
OM,Oman,Data source,Beer,0.22,0.22,0.21,0.21,0.21,0.21,0.21,0.24,,,,,,,,,,,,,,,
OM,Oman,Data source,Wine,0.02,0.02,0.01,0.01,0.01,0.01,0.01,0.01,,,,,,,,,,,,,,,
OM,Oman,Data source,Spirits,0.29,0.31,0.32,0.33,0.4,0.39,0.35,0.29,,,,,,,,,,,,,,,
OM,Oman,Data source,Other alcoholic beverages,0,0,0,0,0,0,0,0,,,,,,,,,,,,,,,
PK,Pakistan,Data source,All types,0.03,0.03,0.03,0.03,0.04,0.01,0.01,0.01,,,,,,,,,,,,,,,
PK,Pakistan,Data source,Beer,0,0,0,0,0,0,0,0,,,,,,,,,,,,,,,
PK,Pakistan,Data source,Wine,0,0,0,0,0,0,0,0,,,,,,,,,,,,,,,
PK,Pakistan,Data source,Spirits,0.03,0.03,0.03,0.03,0.03,0,0,0,,,,,,,,,,,,,,,
PK,Pakistan,Data source,Other alcoholic beverages,0,0,0,0,0.01,0.01,0.01,0.01,,,,,,,,,,,,,,,
PA,Panama,Data source,All types,6.9,6.74,6.15,5.73,5.55,5.72,5.55,5.55,,,,,,,,,,,,,,,
PA,Panama,Data source,Beer,4.81,4.64,4.2,3.83,3.61,3.62,3.41,3.37,,,,,,,,,,,,,,,
PA,Panama,Data source,Wine,0.22,0.2,0.18,0.17,0.15,0.21,0.14,0.13,,,,,,,,,,,,,,,
PA,Panama,Data source,Spirits,1.86,1.89,1.76,1.73,1.78,1.86,1.99,2.04,,,,,,,,,,,,,,,
PA,Panama,Data source,Other alcoholic beverages,0.01,0.02,0.01,0.01,0.01,0.02,0.01,0.01,,,,,,,,,,,,,,,
PG,Papua New Guinea,Data source,All types,0.82,0.81,0.71,0.64,0.84,0.58,0.59,0.61,,,,,,,,,,,,,,,
PG,Papua New Guinea,Data source,Beer,0.79,0.76,0.68,0.61,0.81,0.56,0.57,0.59,,,,,,,,,,,,,,,
PG,Papua New Guinea,Data source,Wine,0.02,0.02,0.01,0.02,0.02,0.01,0.01,0.01,,,,,,,,,,,,,,,
PG,Papua New Guinea,Data source,Spirits,0.02,0.03,0.02,0.02,0.01,0.02,0.01,0.01,,,,,,,,,,,,,,,
PG,Papua New Guinea,Data source,Other alcoholic beverages,0,0,0,0,0,0,0,0,,,,,,,,,,,,,,,
PY,Paraguay,Data source,All types,6.64,7.69,6.66,6.51,5.98,5.62,4.76,5.02,,,,,,,,,,,,,,,
PY,Paraguay,Data source,Beer,3.27,3.55,2.98,3,2.84,2.63,2.27,2.66,,,,,,,,,,,,,,,
PY,Paraguay,Data source,Wine,1.8,2.52,1.93,1.8,1.44,1.3,0.82,0.69,,,,,,,,,,,,,,,
PY,Paraguay,Data source,Spirits,1.53,1.61,1.74,1.7,1.7,1.68,1.68,1.67,,,,,,,,,,,,,,,
PY,Paraguay,Data source,Other alcoholic beverages,0.04,0.01,0.01,0.01,0,0,0,0,,,,,,,,,,,,,,,
PE,Peru,Data source,All types,5.18,5.14,4.7,4.67,4.96,4.7,4.75,4.06,,,,,,,,,,,,,,,
PE,Peru,Data source,Beer,3.06,2.85,2.6,2.33,2.14,1.91,1.77,1.65,,,,,,,,,,,,,,,
PE,Peru,Data source,Wine,0.5,0.62,0.61,0.61,0.6,0.51,0.52,0.47,,,,,,,,,,,,,,,
PE,Peru,Data source,Spirits,1.62,1.66,1.49,1.72,2.22,2.27,2.46,1.95,,,,,,,,,,,,,,,
PE,Peru,Data source,Other alcoholic beverages,0.01,0.01,0.01,0.01,0.01,0.01,0,0,,,,,,,,,,,,,,,
PH,Philippines,Data source,All types,4.37,4.18,4.16,4.06,4.21,4.43,4.43,4.4,,,,,,,,,,,,,,,
PH,Philippines,Data source,Beer,1.21,1.22,1.19,1.14,1.29,1.35,1.2,1.11,,,,,,,,,,,,,,,
PH,Philippines,Data source,Wine,0.04,0.04,0.02,0.02,0.02,0.02,0.02,0.02,,,,,,,,,,,,,,,
PH,Philippines,Data source,Spirits,3.09,2.91,2.95,2.9,2.9,3.06,3.21,3.28,,,,,,,,,,,,,,,
PH,Philippines,Data source,Other alcoholic beverages,0.03,0.01,0,0,0,0,0,0,,,,,,,,,,,,,,,
PL,Poland,Data source,All types,10.7,11.4,10.9,10.4,9.5,9.19,9.06,8.02,,,,,,,,,,,,,,,
PL,Poland,Data source,Beer,5.9,6.1,6.1,5.9,5.3,4.66,4.51,4.31,,,,,,,,,,,,,,,
PL,Poland,Data source,Wine,1,1.2,1.3,1.3,1.2,1.53,1.64,1.64,,,,,,,,,,,,,,,
PL,Poland,Data source,Spirits,3.8,4.1,3.5,3.2,3,3.01,2.9,2.07,,,,,,,,,,,,,,,
PL,Poland,Data source,Other alcoholic beverages,0,0,0,0,0,0,0,0,,,,,,,,,,,,,,,
PT,Portugal,Data source,All types,12.03,12.35,12.59,13.12,13.34,13.47,14.21,13.23,,,,,,,,,,,,,,,
PT,Portugal,Data source,Beer,3.41,3.55,3.71,3.78,3.76,3.7,3.57,3.58,,,,,,,,,,,,,,,
PT,Portugal,Data source,Wine,7.21,7.29,7.31,7.78,7.97,8.05,8.74,7.71,,,,,,,,,,,,,,,
PT,Portugal,Data source,Spirits,0.94,1.01,1.06,1.08,1.12,1.23,1.57,1.59,,,,,,,,,,,,,,,
PT,Portugal,Data source,Other alcoholic beverages,0.47,0.5,0.51,0.49,0.48,0.48,0.33,0.35,,,,,,,,,,,,,,,
PR,Puerto Rico,Data source,All types,4.76,4.87,5.06,5.26,5.35,5.3,5.5,5.85,,,,,,,,,,,,,,,
PR,Puerto Rico,Data source,Beer,3.29,3.35,3.54,3.64,3.68,3.62,3.7,3.88,,,,,,,,,,,,,,,
PR,Puerto Rico,Data source,Wine,0.32,0.32,0.32,0.35,0.34,0.33,0.32,0.33,,,,,,,,,,,,,,,
PR,Puerto Rico,Data source,Spirits,1.09,1.13,1.13,1.18,1.23,1.26,1.47,1.63,,,,,,,,,,,,,,,
PR,Puerto Rico,Data source,Other alcoholic beverages,0.07,0.07,0.07,0.09,0.09,0.1,0,0,,,,,,,,,,,,,,,
QA,Qatar,Data source,All types,1.08,1.34,1.2,1.24,1.16,1.11,1,0.87,,,,,,,,,,,,,,,
QA,Qatar,Data source,Beer,0.33,0.35,0.37,0.39,0.35,0.28,0.25,0.21,,,,,,,,,,,,,,,
QA,Qatar,Data source,Wine,0.09,0.27,0.12,0.17,0.11,0.1,0.07,0.05,,,,,,,,,,,,,,,
QA,Qatar,Data source,Spirits,0.66,0.71,0.71,0.67,0.7,0.73,0.68,0.61,,,,,,,,,,,,,,,
QA,Qatar,Data source,Other alcoholic beverages,0,0.01,0.01,0.01,0,0.01,0,0,,,,,,,,,,,,,,,
QA,Republic of Korea,Data source,All types,8.97,9.31,9.05,8.83,9.03,9.18,9.66,9.55,,,,,,,,,,,,,,,
QA,Republic of Korea,Data source,Beer,2.37,2.43,2.34,2.22,1.89,2,2.32,2.41,,,,,,,,,,,,,,,
QA,Republic of Korea,Data source,Wine,0.14,0.18,0.19,0.14,0.12,0.15,0.04,0.04,,,,,,,,,,,,,,,
QA,Republic of Korea,Data source,Spirits,0.27,0.33,0.37,0.33,0.34,0.32,0.47,0.52,,,,,,,,,,,,,,,
QA,Republic of Korea,Data source,Other alcoholic beverages,6.19,6.37,6.15,6.14,6.68,6.72,6.82,6.58,,,,,,,,,,,,,,,
QA,Republic of Moldova,Data source,All types,7.77,8.35,8.94,7.72,10.16,11.77,7.76,6.44,,,,,,,,,,,,,,,
QA,Republic of Moldova,Data source,Beer,1.6,1.96,1.92,1.68,1.45,1.27,1,0.82,,,,,,,,,,,,,,,
QA,Republic of Moldova,Data source,Wine,2.74,2.75,3.05,1.9,4.12,6.1,2.86,1.99,,,,,,,,,,,,,,,
QA,Republic of Moldova,Data source,Spirits,3.19,3.36,3.57,3.48,3.9,3.71,3.89,3.64,,,,,,,,,,,,,,,
QA,Republic of Moldova,Data source,Other alcoholic beverages,0.24,0.29,0.4,0.67,0.69,0.68,0,0,,,,,,,,,,,,,,,
RO,Romania,Data source,All types,11.77,13.11,11.6,10.29,9.95,9.82,8.78,9.62,,,,,,,,,,,,,,,
RO,Romania,Data source,Beer,4.9,5.5,5.44,4.62,4.07,4.24,3.64,3.38,,,,,,,,,,,,,,,
RO,Romania,Data source,Wine,3.1,3.5,3.3,2.99,2.33,4.29,3.33,3.92,,,,,,,,,,,,,,,
RO,Romania,Data source,Spirits,2.4,2.9,1.9,0.9,1.28,1.29,1.82,2.32,,,,,,,,,,,,,,,
RO,Romania,Data source,Other alcoholic beverages,0,0,0,0,0,0,0,0,,,,,,,,,,,,,,,
RU,Russian Federation,Data source,All types,11.25,12.09,12.23,11.83,11.59,11.5,11.32,10.87,,,,,,,,,,,,,,,
RU,Russian Federation,Data source,Beer,4.2,4.66,4.72,4.11,3.66,3.47,3.1,2.92,,,,,,,,,,,,,,,
RU,Russian Federation,Data source,Wine,1.26,1.27,1.17,1,1.03,0.95,0.9,0.8,,,,,,,,,,,,,,,
RU,Russian Federation,Data source,Spirits,5.79,6.16,6.34,6.72,6.9,7.09,7.32,7.15,,,,,,,,,,,,,,,
RU,Russian Federation,Data source,Other alcoholic beverages,0,0,0,0,0,0,0,0,,,,,,,,,,,,,,,
RW,Rwanda,Data source,All types,7.35,7.57,7.89,8.85,9.31,7.9,8.73,9.27,,,,,,,,,,,,,,,
RW,Rwanda,Data source,Beer,0.72,0.58,0.66,0.63,0.54,0.46,0.45,0.59,,,,,,,,,,,,,,,
RW,Rwanda,Data source,Wine,0,0,0,0,0,0,0,0,,,,,,,,,,,,,,,
RW,Rwanda,Data source,Spirits,0.03,0.03,0.03,0.02,0,0,0,0,,,,,,,,,,,,,,,
RW,Rwanda,Data source,Other alcoholic beverages,6.6,6.95,7.2,8.2,8.77,7.44,8.28,8.67,,,,,,,,,,,,,,,
KN,Saint Kitts and Nevis,Data source,All types,9.68,10.07,10.14,10.8,10.03,9.14,8.54,8.29,,,,,,,,,,,,,,,
KN,Saint Kitts and Nevis,Data source,Beer,3.76,3.81,3.87,3.96,3.85,3.39,3.15,3.09,,,,,,,,,,,,,,,
KN,Saint Kitts and Nevis,Data source,Wine,0.9,0.85,0.54,0.35,0.23,0.32,0.23,0.31,,,,,,,,,,,,,,,
KN,Saint Kitts and Nevis,Data source,Spirits,4.79,5.16,5.46,6.24,5.73,5.23,5.15,4.88,,,,,,,,,,,,,,,
KN,Saint Kitts and Nevis,Data source,Other alcoholic beverages,0.24,0.26,0.26,0.25,0.22,0.19,0.01,0.01,,,,,,,,,,,,,,,
LC,Saint Lucia,Data source,All types,10.83,11.82,12.43,13.22,12.1,11.64,12.55,11.85,,,,,,,,,,,,,,,
LC,Saint Lucia,Data source,Beer,3.28,3.49,3.86,3.82,3.57,3.39,3.36,3.11,,,,,,,,,,,,,,,
LC,Saint Lucia,Data source,Wine,1.2,1.28,1.36,1.68,0.72,0.69,0.85,0.77,,,,,,,,,,,,,,,
LC,Saint Lucia,Data source,Spirits,5.9,6.45,6.56,7.07,7.16,7.03,8.28,7.91,,,,,,,,,,,,,,,
LC,Saint Lucia,Data source,Other alcoholic beverages,0.45,0.59,0.64,0.64,0.65,0.53,0.06,0.06,,,,,,,,,,,,,,,
VC,Saint Vincent and the Grenadines,Data source,All types,6.84,6.91,5.88,5.92,6.03,5.42,5.1,4.94,,,,,,,,,,,,,,,
VC,Saint Vincent and the Grenadines,Data source,Beer,2.29,2.37,2.47,2.59,2.43,2.03,1.84,1.92,,,,,,,,,,,,,,,
VC,Saint Vincent and the Grenadines,Data source,Wine,0.42,0.32,0.29,0.27,0.19,0.14,0.12,0.19,,,,,,,,,,,,,,,
VC,Saint Vincent and the Grenadines,Data source,Spirits,4,4.1,3,2.95,3.32,3.15,3.13,2.82,,,,,,,,,,,,,,,
VC,Saint Vincent and the Grenadines,Data source,Other alcoholic beverages,0.13,0.12,0.12,0.11,0.1,0.09,0.01,0.01,,,,,,,,,,,,,,,
WS,Samoa,Data source,All types,2.88,3.97,3.85,3.52,3.63,3.62,4.16,3.29,,,,,,,,,,,,,,,
WS,Samoa,Data source,Beer,2.55,3.65,3.6,3.37,3.31,3.3,3.7,3.03,,,,,,,,,,,,,,,
WS,Samoa,Data source,Wine,0.06,0.05,0.09,0.09,0.08,0.06,0.06,0.05,,,,,,,,,,,,,,,
WS,Samoa,Data source,Spirits,0.26,0.27,0.17,0.07,0.24,0.26,0.4,0.22,,,,,,,,,,,,,,,
WS,Samoa,Data source,Other alcoholic beverages,0,0,0,0,0,0,0,0,,,,,,,,,,,,,,,
ST,Sao Tome and Principe,Data source,All types,4.31,4.53,4.29,5.63,5.5,5.94,6.73,5.99,,,,,,,,,,,,,,,
ST,Sao Tome and Principe,Data source,Beer,0.95,1,0.99,1.05,1.15,1.16,1.19,1.22,,,,,,,,,,,,,,,
ST,Sao Tome and Principe,Data source,Wine,2.75,2.79,2.67,3.97,3.5,4,4.73,4.01,,,,,,,,,,,,,,,
ST,Sao Tome and Principe,Data source,Spirits,0.61,0.74,0.63,0.61,0.85,0.78,0.81,0.76,,,,,,,,,,,,,,,
ST,Sao Tome and Principe,Data source,Other alcoholic beverages,0,0,0,0,0,0,0,0,,,,,,,,,,,,,,,
SA,Saudi Arabia,Data source,All types,0.08,0.08,0.1,0.07,0.05,0.06,0.05,0.05,,,,,,,,,,,,,,,
SA,Saudi Arabia,Data source,Beer,0,0,0,0,0,0,0,0,,,,,,,,,,,,,,,
SA,Saudi Arabia,Data source,Wine,0,0,0.01,0,0,0,0,0,,,,,,,,,,,,,,,
SA,Saudi Arabia,Data source,Spirits,0.08,0.08,0.09,0.07,0.05,0.06,0.05,0.05,,,,,,,,,,,,,,,
SA,Saudi Arabia,Data source,Other alcoholic beverages,0,0,0,0,0,0,0,0,,,,,,,,,,,,,,,
SN,Senegal,Data source,All types,0.3,0.28,0.32,0.35,0.33,0.35,0.34,0.36,,,,,,,,,,,,,,,
SN,Senegal,Data source,Beer,0.15,0.18,0.17,0.16,0.16,0.16,0.14,0.14,,,,,,,,,,,,,,,
SN,Senegal,Data source,Wine,0.13,0.07,0.12,0.14,0.12,0.15,0.17,0.18,,,,,,,,,,,,,,,
SN,Senegal,Data source,Spirits,0.03,0.03,0.03,0.05,0.04,0.04,0.04,0.04,,,,,,,,,,,,,,,
SN,Senegal,Data source,Other alcoholic beverages,0,0,0,0,0,0,0,0,,,,,,,,,,,,,,,
RS,Serbia,Data source,All types,8.6,8.61,8.72,8.52,,,,,,,,,,,,,,,,,,,
RS,Serbia,Data source,Beer,2.9,3.6,3.74,3.81,,,,,,,,,,,,,,,,,,,
RS,Serbia,Data source,Wine,3.41,2.72,2.67,2.37,,,,,,,,,,,,,,,,,,,
RS,Serbia,Data source,Spirits,2.29,2.29,2.29,2.32,,,,,,,,,,,,,,,,,,,
RS,Serbia,Data source,Other alcoholic beverages,0.01,0.01,0.01,0.01,,,,,,,,,,,,,,,,,,,
SC,Seychelles,Data source,All types,5.53,6.76,7.49,7.01,8.4,7.15,7.36,7.84,,,,,,,,,,,,,,,
SC,Seychelles,Data source,Beer,2.68,4.44,4.73,4.51,5.1,5,5.76,6.33,,,,,,,,,,,,,,,
SC,Seychelles,Data source,Wine,1.89,1.48,1.22,1.71,2.48,1.2,0.8,0.61,,,,,,,,,,,,,,,
SC,Seychelles,Data source,Spirits,0.88,0.8,1.37,0.79,0.82,0.95,0.8,0.9,,,,,,,,,,,,,,,
SC,Seychelles,Data source,Other alcoholic beverages,0.09,0.04,0.17,0.01,0,0,0,0,,,,,,,,,,,,,,,
SL,Sierra Leone,Data source,All types,4.06,4.02,3.97,3.92,3.95,4.13,4.23,4.23,,,,,,,,,,,,,,,
SL,Sierra Leone,Data source,Beer,0.19,0.19,0.15,0.15,0.14,0.14,0.14,0.14,,,,,,,,,,,,,,,
SL,Sierra Leone,Data source,Wine,0.03,0.02,0.01,0.01,0.01,0.01,0.01,0.01,,,,,,,,,,,,,,,
SL,Sierra Leone,Data source,Spirits,0.05,0.02,0.01,0.01,0.02,0.03,0.03,0.02,,,,,,,,,,,,,,,
SL,Sierra Leone,Data source,Other alcoholic beverages,3.77,3.79,3.8,3.74,3.78,3.95,4.05,4.05,,,,,,,,,,,,,,,
SG,Singapore,Data source,All types,1.72,1.69,1.59,1.55,1.49,1.44,1.43,2.16,,,,,,,,,,,,,,,
SG,Singapore,Data source,Beer,1.22,1.22,1.13,1.14,1.1,1.07,1.06,1.47,,,,,,,,,,,,,,,
SG,Singapore,Data source,Wine,0.23,0.23,0.22,0.19,0.18,0.17,0.15,0.2,,,,,,,,,,,,,,,
SG,Singapore,Data source,Spirits,0.25,0.22,0.22,0.19,0.18,0.17,0.17,0.49,,,,,,,,,,,,,,,
SG,Singapore,Data source,Other alcoholic beverages,0.03,0.03,0.03,0.03,0.03,0.03,0.04,0,,,,,,,,,,,,,,,
SK,Slovakia,Data source,All types,10.69,11.43,10.63,10.31,10.83,10.03,9.85,10.78,,,,,,,,,,,,,,,
SK,Slovakia,Data source,Beer,3.92,3.81,3.94,3.83,3.85,3.99,4.38,4.53,,,,,,,,,,,,,,,
SK,Slovakia,Data source,Wine,2.14,2.02,1.79,2.16,1.56,1.33,1.46,1.59,,,,,,,,,,,,,,,
SK,Slovakia,Data source,Spirits,4.63,5.59,4.9,4.31,5.42,4.23,3.65,4.29,,,,,,,,,,,,,,,
SK,Slovakia,Data source,Other alcoholic beverages,0,0,0,0,0,0.48,0.36,0.37,,,,,,,,,,,,,,,
SI,Slovenia,Data source,All types,10.52,10.94,11.02,12.26,11.19,10.01,11.55,9.87,,,,,,,,,,,,,,,
SI,Slovenia,Data source,Beer,5.09,5.16,5.7,5.7,4.7,4.51,4.51,4.32,,,,,,,,,,,,,,,
SI,Slovenia,Data source,Wine,4.55,4.58,4.08,5.43,5.22,4.18,5.46,3.86,,,,,,,,,,,,,,,
SI,Slovenia,Data source,Spirits,0.88,1.2,1.24,1.13,1.09,1.11,1.58,1.69,,,,,,,,,,,,,,,
SI,Slovenia,Data source,Other alcoholic beverages,0,0,0,0,0.19,0.2,0,0,,,,,,,,,,,,,,,
SB,Solomon Islands,Data source,All types,1.2,1.07,0.82,1.01,1.13,1.21,1.2,1.09,,,,,,,,,,,,,,,
SB,Solomon Islands,Data source,Beer,0.95,1.01,0.74,0.96,0.67,0.76,0.75,0.59,,,,,,,,,,,,,,,
SB,Solomon Islands,Data source,Wine,0.02,0.02,0.03,0.02,0.03,0.02,0.02,0.01,,,,,,,,,,,,,,,
SB,Solomon Islands,Data source,Spirits,0.22,0.04,0.05,0.03,0.41,0.42,0.43,0.48,,,,,,,,,,,,,,,
SB,Solomon Islands,Data source,Other alcoholic beverages,0,0,0,0,0.02,0,0,0,,,,,,,,,,,,,,,
SO,Somalia,Data source,All types,0,0,0,0,0,0,0,0,,,,,,,,,,,,,,,
SO,Somalia,Data source,Beer,0,0,0,0,0,0,0,0,,,,,,,,,,,,,,,
SO,Somalia,Data source,Wine,0,0,0,0,0,0,0,0,,,,,,,,,,,,,,,
SO,Somalia,Data source,Spirits,0,0,0,0,0,0,0,0,,,,,,,,,,,,,,,
SO,Somalia,Data source,Other alcoholic beverages,0,0,0,0,0,0,0,0,,,,,,,,,,,,,,,
ZA,South Africa,Data source,All types,8.03,8.6,8.83,8.78,8.94,8.04,8.22,8.4,,,,,,,,,,,,,,,
ZA,South Africa,Data source,Beer,3.95,4.16,4.14,3.98,4.05,4.6,4.8,4.74,,,,,,,,,,,,,,,
ZA,South Africa,Data source,Wine,1.35,1.44,1.46,1.42,1.45,1.41,1.41,1.61,,,,,,,,,,,,,,,
ZA,South Africa,Data source,Spirits,1.29,1.36,1.4,1.38,1.36,1.34,1.32,1.35,,,,,,,,,,,,,,,
ZA,South Africa,Data source,Other alcoholic beverages,1.44,1.65,1.83,2,2.08,0.69,0.69,0.71,,,,,,,,,,,,,,,
ES,Spain,Data source,All types,9.99,10.24,11.05,11.86,11.92,11.68,11.35,10.74,,,,,,,,,,,,,,,
ES,Spain,Data source,Beer,4.98,4.92,5.09,5.15,4.98,4.1,4.11,3.83,,,,,,,,,,,,,,,
ES,Spain,Data source,Wine,2.28,2.44,2.78,3.43,3.67,3.89,3.82,4.02,,,,,,,,,,,,,,,
ES,Spain,Data source,Spirits,2.73,2.88,3.18,3.28,3.27,3.69,3.42,2.89,,,,,,,,,,,,,,,
ES,Spain,Data source,Other alcoholic beverages,0,0,0,0,0,0,0,0,,,,,,,,,,,,,,,
LK,Sri Lanka,Data source,All types,2.05,2.1,2.29,1.96,1.97,1.56,1.69,1.62,,,,,,,,,,,,,,,
LK,Sri Lanka,Data source,Beer,0.2,0.2,0.2,0.2,0.3,0.17,0.15,0.15,,,,,,,,,,,,,,,
LK,Sri Lanka,Data source,Wine,0,0,0,0,0,0,0.01,0.01,,,,,,,,,,,,,,,
LK,Sri Lanka,Data source,Spirits,1.81,1.86,2.05,1.72,1.63,1.39,1.53,1.46,,,,,,,,,,,,,,,
LK,Sri Lanka,Data source,Other alcoholic beverages,0.04,0.04,0.04,0.04,0.04,0,0,0,,,,,,,,,,,,,,,
SD,Sudan,Data source,All types,1.99,2.01,2.01,1.9,1.55,1.59,1.74,1.59,,,,,,,,,,,,,,,
SD,Sudan,Data source,Beer,0.08,0.12,0.08,0.01,0,0,0,0,,,,,,,,,,,,,,,
SD,Sudan,Data source,Wine,0,0,0,0,0,0,0,0,,,,,,,,,,,,,,,
SD,Sudan,Data source,Spirits,0.27,0.26,0.29,0.3,0.27,0.27,0.31,0.35,,,,,,,,,,,,,,,
SD,Sudan,Data source,Other alcoholic beverages,1.64,1.62,1.64,1.59,1.28,1.32,1.43,1.24,,,,,,,,,,,,,,,
SR,Suriname,Data source,All types,5.14,4.96,4.74,4.54,4.5,4.58,4.56,4.44,,,,,,,,,,,,,,,
SR,Suriname,Data source,Beer,1.99,1.91,1.71,1.64,1.53,1.64,1.65,1.67,,,,,,,,,,,,,,,
SR,Suriname,Data source,Wine,0.32,0.25,0.18,0.11,0.13,0.08,0.1,0.09,,,,,,,,,,,,,,,
SR,Suriname,Data source,Spirits,2.67,2.64,2.7,2.64,2.75,2.78,2.81,2.67,,,,,,,,,,,,,,,
SR,Suriname,Data source,Other alcoholic beverages,0.16,0.16,0.15,0.15,0.1,0.08,0,0,,,,,,,,,,,,,,,
SE,Sweden,Data source,All types,7.3,6.9,6.9,6.5,6.5,6.6,6.9,6.9,,,,,,,,,,,,,,,
SE,Sweden,Data source,Beer,2.7,2.6,2.6,2.5,2.6,2.6,2.8,2.7,,,,,,,,,,,,,,,
SE,Sweden,Data source,Wine,3.3,3.1,3.1,2.9,2.9,2.8,2.9,2.8,,,,,,,,,,,,,,,
SE,Sweden,Data source,Spirits,1.2,1.1,1.1,1,1,1.2,1.2,1.4,,,,,,,,,,,,,,,
SE,Sweden,Data source,Other alcoholic beverages,0.1,0.1,0.1,0.1,0,0,0,0,,,,,,,,,,,,,,,
CH,Switzerland,Data source,All types,10.15,10.29,10.44,10.24,10.15,10.55,10.82,10.85,,,,,,,,,,,,,,,
CH,Switzerland,Data source,Beer,3.3,3.31,3.32,3.21,3.11,3.24,3.37,3.26,,,,,,,,,,,,,,,
CH,Switzerland,Data source,Wine,4.84,4.97,5.1,5,5.14,5.27,5.41,5.55,,,,,,,,,,,,,,,
CH,Switzerland,Data source,Spirits,1.89,1.89,1.9,1.9,1.79,1.92,1.92,1.93,,,,,,,,,,,,,,,
CH,Switzerland,Data source,Other alcoholic beverages,0.12,0.12,0.12,0.12,0.12,0.12,0.12,0.12,,,,,,,,,,,,,,,
CH,Syrian Arab Republic,Data source,All types,0.75,0.74,0.74,0.75,0.78,0.6,0.86,0.9,,,,,,,,,,,,,,,
CH,Syrian Arab Republic,Data source,Beer,0.08,0.06,0.05,0.04,0.04,0.04,0.04,0.04,,,,,,,,,,,,,,,
CH,Syrian Arab Republic,Data source,Wine,0.01,0.01,0,0,0,0,0,0,,,,,,,,,,,,,,,
CH,Syrian Arab Republic,Data source,Spirits,0.66,0.68,0.69,0.71,0.74,0.56,0.82,0.86,,,,,,,,,,,,,,,
CH,Syrian Arab Republic,Data source,Other alcoholic beverages,0,0,0,0,0,0,0,0,,,,,,,,,,,,,,,
TJ,Tajikistan,Data source,All types,0.68,0.59,0.59,0.63,0.76,0.82,0.88,0.94,,,,,,,,,,,,,,,
TJ,Tajikistan,Data source,Beer,0.24,0.3,0.19,0.17,0.15,0.14,0.14,0.14,,,,,,,,,,,,,,,
TJ,Tajikistan,Data source,Wine,0.04,0.08,0.13,0.17,0.29,0.3,0.32,0.33,,,,,,,,,,,,,,,
TJ,Tajikistan,Data source,Spirits,0.4,0.21,0.26,0.29,0.33,0.39,0.42,0.47,,,,,,,,,,,,,,,
TJ,Tajikistan,Data source,Other alcoholic beverages,0,0,0,0,0,0,0,0,,,,,,,,,,,,,,,
TH,Thailand,Data source,All types,6.74,7.54,6.14,6.12,6.21,5.8,5.95,5.72,,,,,,,,,,,,,,,
TH,Thailand,Data source,Beer,2.01,2.24,1.98,1.95,1.69,1.53,1.51,1.2,,,,,,,,,,,,,,,
TH,Thailand,Data source,Wine,0.14,0.16,0.02,0.02,0.02,0.04,0.03,0.03,,,,,,,,,,,,,,,
TH,Thailand,Data source,Spirits,4.59,5.14,4.14,4.15,4.51,4.23,4.41,4.5,,,,,,,,,,,,,,,
TH,Thailand,Data source,Other alcoholic beverages,0,0,0,0,0,0,0,0,,,,,,,,,,,,,,,
TH,The former Yugoslav republic of Macedonia,Data source,All types,3.9,4.27,4.04,4.01,4.58,3.94,3.91,4.49,,,,,,,,,,,,,,,
TH,The former Yugoslav republic of Macedonia,Data source,Beer,1.71,2.06,2.04,2,2,1.98,1.94,1.94,,,,,,,,,,,,,,,
TH,The former Yugoslav republic of Macedonia,Data source,Wine,1.28,1.29,1.04,1.06,1.79,1.03,1.05,1.78,,,,,,,,,,,,,,,
TH,The former Yugoslav republic of Macedonia,Data source,Spirits,0.88,0.9,0.94,0.93,0.79,0.91,0.9,0.76,,,,,,,,,,,,,,,
TH,The former Yugoslav republic of Macedonia,Data source,Other alcoholic beverages,0.02,0.02,0.02,0.02,0.01,0.02,0.01,0.01,,,,,,,,,,,,,,,
TL,Timor-Leste,Data source,All types,0.09,0.06,0.05,0.04,0.36,0.39,0.44,0.48,,,,,,,,,,,,,,,
TL,Timor-Leste,Data source,Beer,0.01,0.01,0,0.01,0.34,0.36,0.37,0.41,,,,,,,,,,,,,,,
TL,Timor-Leste,Data source,Wine,0.06,0.04,0.03,0.02,0.02,0.02,0.03,0.03,,,,,,,,,,,,,,,
TL,Timor-Leste,Data source,Spirits,0.01,0.01,0.01,0.01,0,0.01,0.04,0.04,,,,,,,,,,,,,,,
TL,Timor-Leste,Data source,Other alcoholic beverages,0,0,0,0,0,0,0,0,,,,,,,,,,,,,,,
TG,Togo,Data source,All types,1.31,1.41,1.45,1.46,1.11,1.04,1.06,1.04,,,,,,,,,,,,,,,
TG,Togo,Data source,Beer,0.68,0.67,0.6,0.51,0.48,0.47,0.47,0.45,,,,,,,,,,,,,,,
TG,Togo,Data source,Wine,0.25,0.33,0.39,0.42,0.32,0.32,0.26,0.21,,,,,,,,,,,,,,,
TG,Togo,Data source,Spirits,0.03,0.05,0.06,0.13,0.06,0.05,0.03,0.04,,,,,,,,,,,,,,,
TG,Togo,Data source,Other alcoholic beverages,0.35,0.36,0.4,0.4,0.25,0.2,0.3,0.35,,,,,,,,,,,,,,,
TO,Tonga,Data source,All types,1.08,1.1,2.05,1.79,1.57,1.79,1.79,1.5,,,,,,,,,,,,,,,
TO,Tonga,Data source,Beer,0.62,0.62,0.87,0.87,0.88,0.89,0.89,0.89,,,,,,,,,,,,,,,
TO,Tonga,Data source,Wine,0.12,0.11,0.16,0.09,0.28,0.3,0.22,0.08,,,,,,,,,,,,,,,
TO,Tonga,Data source,Spirits,0.35,0.36,1.02,0.83,0.41,0.43,0.55,0.51,,,,,,,,,,,,,,,
TO,Tonga,Data source,Other alcoholic beverages,0,0,0,0,0,0.18,0.13,0.02,,,,,,,,,,,,,,,
TT,Trinidad and Tobago,Data source,All types,6.37,6.41,6.37,6.35,6.12,5.82,5.53,5.12,,,,,,,,,,,,,,,
TT,Trinidad and Tobago,Data source,Beer,3.32,3.27,3.2,3.21,3.15,2.96,2.78,2.53,,,,,,,,,,,,,,,
TT,Trinidad and Tobago,Data source,Wine,0.12,0.15,0.14,0.1,0.13,0.13,0.11,0.07,,,,,,,,,,,,,,,
TT,Trinidad and Tobago,Data source,Spirits,2.82,2.88,2.92,2.91,2.72,2.64,2.64,2.51,,,,,,,,,,,,,,,
TT,Trinidad and Tobago,Data source,Other alcoholic beverages,0.1,0.11,0.12,0.12,0.11,0.1,0,0,,,,,,,,,,,,,,,
TN,Tunisia,Data source,All types,1.39,1.37,1.23,1.45,1.37,1.35,1.33,1.3,,,,,,,,,,,,,,,
TN,Tunisia,Data source,Beer,0.96,0.93,0.91,0.88,0.85,0.82,0.79,0.78,,,,,,,,,,,,,,,
TN,Tunisia,Data source,Wine,0.38,0.38,0.25,0.51,0.45,0.47,0.49,0.48,,,,,,,,,,,,,,,
TN,Tunisia,Data source,Spirits,0.05,0.05,0.06,0.06,0.06,0.06,0.04,0.04,,,,,,,,,,,,,,,
TN,Tunisia,Data source,Other alcoholic beverages,0,0,0,0,0,0,0,0,,,,,,,,,,,,,,,
TR,Turkey,Data source,All types,1.4,1.39,1.26,1.29,1.29,1.35,1.42,1.47,,,,,,,,,,,,,,,
TR,Turkey,Data source,Beer,0.84,0.85,0.79,0.76,0.77,0.81,0.79,0.77,,,,,,,,,,,,,,,
TR,Turkey,Data source,Wine,0.1,0.08,0.05,0.05,0.06,0.07,0.04,0.04,,,,,,,,,,,,,,,
TR,Turkey,Data source,Spirits,0.47,0.46,0.42,0.47,0.46,0.47,0.59,0.66,,,,,,,,,,,,,,,
TR,Turkey,Data source,Other alcoholic beverages,0,0,0,0,0,0,0,0,,,,,,,,,,,,,,,
TM,Turkmenistan,Data source,All types,2.35,2.41,2.55,2.72,2.85,2.86,2.88,2.86,,,,,,,,,,,,,,,
TM,Turkmenistan,Data source,Beer,0.25,0.22,0.3,0.27,0.22,0.19,0.17,0.09,,,,,,,,,,,,,,,
TM,Turkmenistan,Data source,Wine,0.82,0.95,1.01,1.2,1.37,1.42,1.46,1.51,,,,,,,,,,,,,,,
TM,Turkmenistan,Data source,Spirits,1.28,1.24,1.24,1.25,1.26,1.25,1.26,1.26,,,,,,,,,,,,,,,
TM,Turkmenistan,Data source,Other alcoholic beverages,0,0,0,0,0,0,0,0,,,,,,,,,,,,,,,
TV,Tuvalu,Data source,All types,1.31,1.05,0.59,1.37,0.94,1.98,1.53,0.58,,,,,,,,,,,,,,,
TV,Tuvalu,Data source,Beer,0.06,0.11,0.03,0.85,0.54,0.05,0.11,0.32,,,,,,,,,,,,,,,
TV,Tuvalu,Data source,Wine,0.54,0.16,0.07,0.15,0.17,0.04,0.08,0.14,,,,,,,,,,,,,,,
TV,Tuvalu,Data source,Spirits,0.72,0.78,0.49,0.37,0.23,1.89,1.34,0.13,,,,,,,,,,,,,,,
TV,Tuvalu,Data source,Other alcoholic beverages,0,0,0,0,0,0,0,0,,,,,,,,,,,,,,,
UG,Uganda,Data source,All types,10.88,11.12,10.9,11.09,11.41,11.15,11.45,11.71,,,,,,,,,,,,,,,
UG,Uganda,Data source,Beer,0.65,0.54,0.58,0.56,0.51,0.44,0.43,0.44,,,,,,,,,,,,,,,
UG,Uganda,Data source,Wine,0.01,0,0,0,0,0.01,0,0,,,,,,,,,,,,,,,
UG,Uganda,Data source,Spirits,0.16,0.17,0.18,0.18,0.19,0.21,0.18,0.19,,,,,,,,,,,,,,,
UG,Uganda,Data source,Other alcoholic beverages,10.05,10.4,10.14,10.34,10.71,10.5,10.84,11.08,,,,,,,,,,,,,,,
UA,Ukraine,Data source,All types,9.41,9.53,8.92,8.04,7.34,6.79,5.92,4.89,,,,,,,,,,,,,,,
UA,Ukraine,Data source,Beer,3.32,3.57,3.55,3.01,2.67,2.18,1.95,1.74,,,,,,,,,,,,,,,
UA,Ukraine,Data source,Wine,0.84,0.84,0.78,0.69,0.63,0.55,0.68,0.7,,,,,,,,,,,,,,,
UA,Ukraine,Data source,Spirits,4.6,4.84,4.36,4.13,3.86,4.06,3.29,2.45,,,,,,,,,,,,,,,
UA,Ukraine,Data source,Other alcoholic beverages,0.66,0.28,0.23,0.21,0.18,0,0,0,,,,,,,,,,,,,,,
AE,United Arab Emirates,Data source,All types,1.72,1.82,1.62,1.62,1.62,1.58,1.56,1.59,,,,,,,,,,,,,,,
AE,United Arab Emirates,Data source,Beer,0.2,0.24,0.27,0.31,0.37,0.42,0.45,0.48,,,,,,,,,,,,,,,
AE,United Arab Emirates,Data source,Wine,0.11,0.12,0.11,0.12,0.13,0.13,0.07,0.07,,,,,,,,,,,,,,,
AE,United Arab Emirates,Data source,Spirits,1.4,1.45,1.23,1.18,1.12,1.03,1.04,1.03,,,,,,,,,,,,,,,
AE,United Arab Emirates,Data source,Other alcoholic beverages,0.01,0.01,0.01,0.01,0.01,0.01,0,0,,,,,,,,,,,,,,,
GB,United Kingdom of Great Britain and Northern Ireland,Data source,All types,10.14,10.78,11.14,10.96,11.37,11.55,11.25,11.31,,,,,,,,,,,,,,,
GB,United Kingdom of Great Britain and Northern Ireland,Data source,Beer,3.84,4.22,4.45,4.7,4.85,5.09,5.16,5.11,,,,,,,,,,,,,,,
GB,United Kingdom of Great Britain and Northern Ireland,Data source,Wine,3.23,3.44,3.53,3.25,3.42,3.32,3.04,3.27,,,,,,,,,,,,,,,
GB,United Kingdom of Great Britain and Northern Ireland,Data source,Spirits,2.16,2.28,2.35,2.25,2.45,2.51,2.45,2.32,,,,,,,,,,,,,,,
GB,United Kingdom of Great Britain and Northern Ireland,Data source,Other alcoholic beverages,0.92,0.83,0.8,0.75,0.65,0.62,0.6,0.61,,,,,,,,,,,,,,,
GB,United Republic of Tanzania,Data source,All types,6.28,4.95,6.87,6.02,5.7,5.63,3.39,5.07,,,,,,,,,,,,,,,
GB,United Republic of Tanzania,Data source,Beer,0.69,0.76,0.77,0.64,0.56,0.51,0.5,0.46,,,,,,,,,,,,,,,
GB,United Republic of Tanzania,Data source,Wine,0.02,0.01,0.01,0.01,0.01,0.01,0,0.01,,,,,,,,,,,,,,,
GB,United Republic of Tanzania,Data source,Spirits,0.2,0.18,0.15,0.15,0.15,0.12,0.09,0.11,,,,,,,,,,,,,,,
GB,United Republic of Tanzania,Data source,Other alcoholic beverages,5.38,3.99,5.94,5.22,4.98,5,2.8,4.49,,,,,,,,,,,,,,,
US,United States of America,Data source,All types,8.71,8.74,8.74,8.63,8.52,8.48,8.4,8.33,,,,,,,,,,,,,,,
US,United States of America,Data source,Beer,4.43,4.54,4.54,4.54,4.5,4.58,4.58,4.66,,,,,,,,,,,,,,,
US,United States of America,Data source,Wine,1.48,1.44,1.44,1.4,1.36,1.32,1.29,1.25,,,,,,,,,,,,,,,
US,United States of America,Data source,Spirits,2.8,2.76,2.76,2.69,2.65,2.57,2.54,2.42,,,,,,,,,,,,,,,
US,United States of America,Data source,Other alcoholic beverages,0,0,0,0,0,0,0,0,,,,,,,,,,,,,,,
UY,Uruguay,Data source,All types,6.67,6.76,6.67,6.58,6.35,5.66,5.11,5.86,,,,,,,,,,,,,,,
UY,Uruguay,Data source,Beer,1.88,1.86,1.61,1.49,1.35,1.1,0.86,1,,,,,,,,,,,,,,,
UY,Uruguay,Data source,Wine,3.85,3.97,4.15,4.19,4.23,3.88,3.61,4.12,,,,,,,,,,,,,,,
UY,Uruguay,Data source,Spirits,0.94,0.93,0.91,0.9,0.77,0.68,0.64,0.73,,,,,,,,,,,,,,,
UY,Uruguay,Data source,Other alcoholic beverages,0,0,0,0,0,0,0,0,,,,,,,,,,,,,,,
UZ,Uzbekistan,Data source,All types,1.78,1.84,1.86,1.93,1.88,2.02,3.35,3.12,,,,,,,,,,,,,,,
UZ,Uzbekistan,Data source,Beer,0.84,0.78,0.67,0.62,0.46,0.35,0.28,0.25,,,,,,,,,,,,,,,
UZ,Uzbekistan,Data source,Wine,0.1,0.22,0.22,0.23,0.25,0.36,0.5,0.37,,,,,,,,,,,,,,,
UZ,Uzbekistan,Data source,Spirits,0.84,0.84,0.97,1.09,1.17,1.3,2.57,2.49,,,,,,,,,,,,,,,
UZ,Uzbekistan,Data source,Other alcoholic beverages,0,0,0,0,0,0,0,0,,,,,,,,,,,,,,,
VU,Vanuatu,Data source,All types,0.83,1.18,1.01,1,0.88,0.85,1.2,1.24,,,,,,,,,,,,,,,
VU,Vanuatu,Data source,Beer,0.32,0.33,0.45,0.46,0.47,0.49,0.51,0.52,,,,,,,,,,,,,,,
VU,Vanuatu,Data source,Wine,0.23,0.28,0.18,0.18,0.22,0.17,0.18,0.19,,,,,,,,,,,,,,,
VU,Vanuatu,Data source,Spirits,0.28,0.57,0.39,0.36,0.19,0.19,0.51,0.53,,,,,,,,,,,,,,,
VU,Vanuatu,Data source,Other alcoholic beverages,0,0,0,0,0,0,0,0,,,,,,,,,,,,,,,
VU,Venezuela (Bolivarian Republic of),Data source,All types,7.56,8.15,8.69,8.25,7.91,7.58,6.33,6.92,,,,,,,,,,,,,,,
VU,Venezuela (Bolivarian Republic of),Data source,Beer,5.79,6.36,6.85,6.38,6.17,5.95,4.4,5.17,,,,,,,,,,,,,,,
VU,Venezuela (Bolivarian Republic of),Data source,Wine,0.1,0.09,0.11,0.14,0.11,0.07,0.04,0.06,,,,,,,,,,,,,,,
VU,Venezuela (Bolivarian Republic of),Data source,Spirits,1.63,1.66,1.69,1.71,1.6,1.53,1.88,1.69,,,,,,,,,,,,,,,
VU,Venezuela (Bolivarian Republic of),Data source,Other alcoholic beverages,0.05,0.04,0.04,0.03,0.03,0.03,0,0,,,,,,,,,,,,,,,
VN,Viet Nam,Data source,All types,1.91,1.73,1.52,1.36,1.2,1.62,1.58,1.41,,,,,,,,,,,,,,,
VN,Viet Nam,Data source,Beer,1.81,1.63,1.43,1.28,1.13,1.56,1.52,1.36,,,,,,,,,,,,,,,
VN,Viet Nam,Data source,Wine,0.01,0.01,0.01,0.01,0.01,0.01,0.01,0.01,,,,,,,,,,,,,,,
VN,Viet Nam,Data source,Spirits,0.08,0.08,0.07,0.07,0.06,0.05,0.05,0.04,,,,,,,,,,,,,,,
VN,Viet Nam,Data source,Other alcoholic beverages,0,0,0,0,0,0,0,0,,,,,,,,,,,,,,,
YE,Yemen,Data source,All types,0.03,0.04,0.05,0.04,0.04,0.06,0.04,0.07,,,,,,,,,,,,,,,
YE,Yemen,Data source,Beer,0.03,0.04,0.05,0.04,0.03,0.05,0.04,0.06,,,,,,,,,,,,,,,
YE,Yemen,Data source,Wine,0,0,0,0,0,0,0,0,,,,,,,,,,,,,,,
YE,Yemen,Data source,Spirits,0,0,0,0,0,0.01,0,0.01,,,,,,,,,,,,,,,
YE,Yemen,Data source,Other alcoholic beverages,0,0,0,0,0,0,0,0,,,,,,,,,,,,,,,
ZM,Zambia,Data source,All types,2.5,2.31,2.78,2.49,2.25,2.39,2.28,2.41,,,,,,,,,,,,,,,
ZM,Zambia,Data source,Beer,0.45,0.46,0.43,0.43,0.41,0.46,0.45,0.47,,,,,,,,,,,,,,,
ZM,Zambia,Data source,Wine,0.06,0.04,0.04,0.02,0.01,0.03,0.01,0.02,,,,,,,,,,,,,,,
ZM,Zambia,Data source,Spirits,0.33,0.28,0.28,0.28,0.26,0.26,0.25,0.26,,,,,,,,,,,,,,,
ZM,Zambia,Data source,Other alcoholic beverages,1.66,1.54,2.04,1.75,1.57,1.64,1.58,1.66,,,,,,,,,,,,,,,
ZW,Zimbabwe,Data source,All types,2.48,2.85,2.28,2.36,1.92,2.27,1.77,2.2,,,,,,,,,,,,,,,
ZW,Zimbabwe,Data source,Beer,1.09,1.47,0.88,1.09,0.96,1.14,0.88,1.16,,,,,,,,,,,,,,,
ZW,Zimbabwe,Data source,Wine,0.08,0.04,0.01,0.01,0.01,0.01,0.02,0.04,,,,,,,,,,,,,,,
ZW,Zimbabwe,Data source,Spirits,0.36,0.38,0.38,0.38,0.06,0.19,0.19,0.19,,,,,,,,,,,,,,,
ZW,Zimbabwe,Data source,Other alcoholic beverages,0.94,0.96,1.01,0.88,0.9,0.93,0.68,0.81,,,,,,,,,,,,,,,
,,,,,,,,,,,,,,,,,,,,,,,,,,
,,,,,,,,,,,,,,,,,,,,,,,,,,
,,,,,,,,,,,,,,,,,,,,,,,,,,
,,,,,,,,,,,,,,,,,,,,,,,,,,
,,,,,,,,,,,,,,,,,,,,,,,,,,
,,,,,,,,,,,,,,,,,,,,,,,,,,
,,,,,,,,,,,,,,,,,,,,,,,,,,
,,,,,,,,,,,,,,,,,,,,,,,,,,
,,,,,,,,,,,,,,,,,,,,,,,,,,
,,,,,,,,,,,,,,,,,,,,,,,,,,
,,,,,,,,,,,,,,,,,,,,,,,,,,
,,,,,,,,,,,,,,,,,,,,,,,,,,
,,,,,,,,,,,,,,,,,,,,,,,,,,
,,,,,,,,,,,,,,,,,,,,,,,,,,
,,,,,,,,,,,,,,,,,,,,,,,,,,
,,,,,,,,,,,,,,,,,,,,,,,,,,
,,,,,,,,,,,,,,,,,,,,,,,,,,
,,,,,,,,,,,,,,,,,,,,,,,,,,
,,,,,,,,,,,,,,,,,,,,,,,,,,
,,,,,,,,,,,,,,,,,,,,,,,,,,
,,,,,,,,,,,,,,,,,,,,,,,,,,
,,,,,,,,,,,,,,,,,,,,,,,,,,
,,,,,,,,,,,,,,,,,,,,,,,,,,
,,,,,,,,,,,,,,,,,,,,,,,,,,
,,,,,,,,,,,,,,,,,,,,,,,,,,
,,,,,,,,,,,,,,,,,,,,,,,,,,
,,,,,,,,,,,,,,,,,,,,,,,,,,
,,,,,,,,,,,,,,,,,,,,,,,,,,
,,,,,,,,,,,,,,,,,,,,,,,,,,
,,,,,,,,,,,,,,,,,,,,,,,,,,
,,,,,,,,,,,,,,,,,,,,,,,,,,
,,,,,,,,,,,,,,,,,,,,,,,,,,
,,,,,,,,,,,,,,,,,,,,,,,,,,
,,,,,,,,,,,,,,,,,,,,,,,,,,
,,,,,,,,,,,,,,,,,,,,,,,,,,
,,,,,,,,,,,,,,,,,,,,,,,,,,
,,,,,,,,,,,,,,,,,,,,,,,,,,
,,,,,,,,,,,,,,,,,,,,,,,,,,
,,,,,,,,,,,,,,,,,,,,,,,,,,
,,,,,,,,,,,,,,,,,,,,,,,,,,
,,,,,,,,,,,,,,,,,,,,,,,,,,
,,,,,,,,,,,,,,,,,,,,,,,,,,
,,,,,,,,,,,,,,,,,,,,,,,,,,
